종목명,년도,성별,필기시험접수,필기시험응시,필기시험합격,필기시험합격률(퍼센트),실기시험접수,실기시험응시,실기시험합격,실기시험합격률(퍼센트),자격취득자현황(명)
생산관리분야,전체,전체,187239,132805,50644,38.1,82632,70567,26462,37.5,35086
생산관리분야,2016(누적),전체,161267,114331,41919,36.7,67783,57864,20853,36,29477
생산관리분야,2017,전체,5787,4166,1759,42.2,3077,2680,910,34,910
생산관리분야,2017,여자,1421,1056,446,42.2,756,673,237,35.2,237
생산관리분야,2018,전체,4827,3500,1523,43.5,2806,2424,1143,47.2,1143
생산관리분야,2018,여자,1295,973,405,41.6,674,598,297,49.7,297
생산관리분야,2019,전체,5159,3664,1679,45.8,2897,2489,837,33.6,837
생산관리분야,2019,여자,1326,984,458,46.5,737,646,217,33.6,217
생산관리분야,2020,전체,4557,3392,1991,58.7,3407,2849,1562,54.8,1562
생산관리분야,2020,여자,1382,1041,616,59.2,996,845,474,56.1,475
생산관리분야,2021,전체,5642,3752,1773,47.3,2662,2261,1157,51.2,1157
생산관리분야,2021,여자,1711,1171,588,50.2,868,754,367,48.7,367
공정관리,전체,전체,8629,6041,1601,26.5,1191,1049,358,34.1,0
공정관리,2016(누적),전체,8629,6041,1601,26.5,1191,1049,358,34.1,0
품질경영,전체,전체,68402,46690,17951,38.4,31931,26842,11349,42.3,34970
품질경영,2016(누적),전체,42723,28458,9336,32.8,17255,14295,5769,40.4,29390
품질경영,2017,전체,5741,4126,1739,42.1,3046,2653,900,33.9,900
품질경영,2017,여자,1411,1047,440,42,746,664,236,35.5,236
품질경영,2018,전체,4774,3459,1506,43.5,2773,2395,1139,47.6,1139
품질경영,2018,여자,1284,964,401,41.6,663,589,296,50.3,296
품질경영,2019,전체,5099,3617,1644,45.5,2858,2454,835,34,835
품질경영,2019,여자,1310,973,450,46.2,728,639,217,34,217
품질경영,2020,전체,4498,3343,1973,59,3370,2815,1552,55.1,1552
품질경영,2020,여자,1370,1030,614,59.6,989,838,473,56.4,474
품질경영,2021,전체,5567,3687,1753,47.5,2629,2230,1154,51.7,1154
품질경영,2021,여자,1689,1152,584,50.7,864,751,367,48.9,367
품질관리,전체,전체,109150,79211,30765,38.8,49039,42253,14639,34.6,0
품질관리,2016(누적),전체,109150,79211,30765,38.8,49039,42253,14639,34.6,0
포장,전체,전체,1058,863,327,37.9,471,423,116,27.4,116
포장,2016(누적),전체,765,621,217,34.9,298,267,87,32.6,87
포장,2017,전체,46,40,20,50,31,27,10,37,10
포장,2017,여자,10,9,6,66.7,10,9,1,11.1,1
포장,2018,전체,53,41,17,41.5,33,29,4,13.8,4
포장,2018,여자,11,9,4,44.4,11,9,1,11.1,1
포장,2019,전체,60,47,35,74.5,39,35,2,5.7,2
포장,2019,여자,16,11,8,72.7,9,7,0,0,0
포장,2020,전체,59,49,18,36.7,37,34,10,29.4,10
포장,2020,여자,12,11,2,18.2,7,7,1,14.3,1
포장,2021,전체,75,65,20,30.8,33,31,3,9.7,3
포장,2021,여자,22,19,4,21.1,4,3,0,0,0
디자인분야,전체,전체,103404,79922,49761,62.3,63961,51301,22796,44.4,22803
디자인분야,2016(누적),전체,84145,64871,40205,62,52419,41484,18626,44.9,18633
디자인분야,2017,전체,3430,2639,1623,61.5,2076,1754,681,38.8,681
디자인분야,2017,여자,3009,2327,1439,61.8,1871,1594,641,40.2,641
디자인분야,2018,전체,3288,2500,1495,59.8,2045,1705,739,43.3,739
디자인분야,2018,여자,2898,2207,1327,60.1,1801,1515,677,44.7,678
디자인분야,2019,전체,3418,2642,1668,63.1,2136,1818,853,46.9,853
디자인분야,2019,여자,2993,2321,1467,63.2,1897,1627,781,48,781
디자인분야,2020,전체,3819,3146,2175,69.1,2017,1775,667,37.6,667
디자인분야,2020,여자,3207,2650,1828,69,1797,1586,617,38.9,617
디자인분야,2021,전체,5304,4124,2595,62.9,3268,2765,1230,44.5,1230
디자인분야,2021,여자,4460,3456,2152,62.3,2714,2310,1098,47.5,1098
서비스·경험디자인,전체,전체,2162,1780,1460,82,1049,920,197,21.4,197
서비스·경험디자인,2020,전체,744,609,550,90.3,0,0,0,0,0
서비스·경험디자인,2020,여자,509,409,375,91.7,0,0,0,0,0
서비스·경험디자인,2021,전체,1418,1171,910,77.7,1049,920,197,21.4,197
서비스·경험디자인,2021,여자,1030,837,652,77.9,734,650,140,21.5,140
제품디자인,전체,전체,1792,1385,514,37.1,560,459,225,49,232
제품디자인,2016(누적),전체,1605,1240,424,34.2,477,384,176,45.8,183
제품디자인,2017,전체,34,24,19,79.2,19,16,7,43.8,7
제품디자인,2017,여자,17,14,12,85.7,12,10,5,50,5
제품디자인,2018,전체,40,32,23,71.9,22,21,19,90.5,19
제품디자인,2018,여자,19,13,9,69.2,7,7,7,100,7
제품디자인,2019,전체,38,30,13,43.3,10,9,7,77.8,7
제품디자인,2019,여자,19,14,7,50,6,6,5,83.3,5
제품디자인,2020,전체,33,25,16,64,9,9,4,44.4,4
제품디자인,2020,여자,19,15,10,66.7,4,4,2,50,2
제품디자인,2021,전체,42,34,19,55.9,23,20,12,60,12
제품디자인,2021,여자,25,22,14,63.6,17,14,8,57.1,8
시각디자인,전체,전체,6922,5479,3610,65.9,4203,3620,1798,49.7,1798
시각디자인,2016(누적),전체,5232,4089,2591,63.4,3087,2595,1205,46.4,1205
시각디자인,2017,전체,323,250,189,75.6,181,165,67,40.6,67
시각디자인,2017,여자,250,196,146,74.5,137,127,52,40.9,52
시각디자인,2018,전체,259,212,156,73.6,196,180,137,76.1,137
시각디자인,2018,여자,199,158,118,74.7,146,133,107,80.5,107
시각디자인,2019,전체,328,281,196,69.8,205,178,111,62.4,111
시각디자인,2019,여자,255,220,153,69.5,159,135,87,64.4,87
시각디자인,2020,전체,362,302,241,79.8,258,246,121,49.2,121
시각디자인,2020,여자,297,249,200,80.3,211,200,104,52,104
시각디자인,2021,전체,418,345,237,68.7,276,256,157,61.3,157
시각디자인,2021,여자,348,292,205,70.2,234,219,140,63.9,140
컬러리스트,전체,전체,92528,71278,44177,62,58149,46302,20576,44.4,20576
컬러리스트,2016(누적),전체,77308,59542,37190,62.5,48855,38505,17245,44.8,17245
컬러리스트,2017,전체,3073,2365,1415,59.8,1876,1573,607,38.6,607
컬러리스트,2017,여자,2742,2117,1281,60.5,1722,1457,584,40.1,584
컬러리스트,2018,전체,2989,2256,1316,58.3,1827,1504,583,38.8,583
컬러리스트,2018,여자,2680,2036,1200,58.9,1648,1375,563,40.9,564
컬러리스트,2019,전체,3052,2331,1459,62.6,1921,1631,735,45.1,735
컬러리스트,2019,여자,2719,2087,1307,62.6,1732,1486,689,46.4,689
컬러리스트,2020,전체,2680,2210,1368,61.9,1750,1520,542,35.7,542
컬러리스트,2020,여자,2382,1977,1243,62.9,1582,1382,511,37,511
컬러리스트,2021,전체,3426,2574,1429,55.5,1920,1569,864,55.1,864
컬러리스트,2021,여자,3057,2305,1281,55.6,1729,1427,810,56.8,810
건축분야,전체,전체,1336377,932087,287352,30.8,680830,526706,164005,31.1,178224
건축분야,2016(누적),전체,1159304,809673,241822,29.9,589740,453167,133308,29.4,147527
건축분야,2017,전체,32929,22488,7154,31.8,15262,12444,5264,42.3,5264
건축분야,2017,여자,9358,6775,2176,32.1,4470,3769,1616,42.9,1616
건축분야,2018,전체,33322,23021,7957,34.6,15729,12771,5354,41.9,5354
건축분야,2018,여자,9794,7187,2561,35.6,4691,3907,1785,45.7,1785
건축분야,2019,전체,36065,24709,8931,36.1,17459,14186,5928,41.8,5928
건축분야,2019,여자,10892,7969,3011,37.8,5377,4525,1948,43,1948
건축분야,2020,전체,31393,22838,9901,43.4,20729,16326,6323,38.7,6323
건축분야,2020,여자,9789,7455,3419,45.9,6833,5503,2275,41.3,2275
건축분야,2021,전체,43364,29358,11587,39.5,21911,17812,7828,43.9,7828
건축분야,2021,여자,12861,9180,3762,41,6751,5667,2716,47.9,2716
실내건축,전체,전체,123636,87901,36489,41.5,59893,42147,14912,35.4,14912
실내건축,2016(누적),전체,102529,71995,28623,39.8,50556,34237,9778,28.6,9778
실내건축,2017,전체,3794,2776,1226,44.2,1483,1286,729,56.7,729
실내건축,2017,여자,2419,1808,773,42.8,951,850,507,59.6,507
실내건축,2018,전체,4112,3124,1507,48.2,1675,1415,1054,74.5,1054
실내건축,2018,여자,2642,2052,1003,48.9,1108,970,757,78,757
실내건축,2019,전체,4436,3335,1614,48.4,1975,1672,997,59.6,997
실내건축,2019,여자,2824,2216,1069,48.2,1294,1129,732,64.8,732
실내건축,2020,전체,3782,2977,1643,55.2,2205,1820,1128,62,1128
실내건축,2020,여자,2466,2007,1137,56.7,1512,1281,836,65.3,836
실내건축,2021,전체,4983,3694,1876,50.8,1999,1717,1226,71.4,1226
실내건축,2021,여자,3253,2495,1279,51.3,1377,1215,919,75.6,919
건축,전체,전체,1110637,777468,229114,29.5,575156,449588,138091,30.7,152304
건축,2016(누적),전체,972700,683424,198035,29,505197,393219,115631,29.4,129844
건축,2017,전체,26126,17731,5028,28.4,12084,9845,4108,41.7,4108
건축,2017,여자,6612,4746,1311,27.6,3346,2789,1075,38.5,1075
건축,2018,전체,26453,18070,5583,30.9,12280,9971,3861,38.7,3861
건축,2018,여자,6812,4917,1468,29.9,3396,2792,980,35.1,980
건축,2019,전체,28605,19351,6275,32.4,13422,10891,4340,39.8,4340
건축,2019,여자,7675,5485,1823,33.2,3876,3227,1161,36,1161
건축,2020,전체,24668,17706,7028,39.7,16106,12689,4707,37.1,4707
건축,2020,여자,6991,5220,2160,41.4,5070,4030,1389,34.5,1389
건축,2021,전체,32085,21186,7165,33.8,16067,12973,5444,42,5444
건축,2021,여자,9029,6332,2304,36.4,5084,4220,1720,40.8,1720
건축설비,전체,전체,102104,66718,21749,32.6,45781,34971,11002,31.5,11008
건축설비,2016(누적),전체,84075,54254,15164,28,33987,25711,7899,30.7,7905
건축설비,2017,전체,3009,1981,900,45.4,1695,1313,427,32.5,427
건축설비,2017,여자,327,221,92,41.6,173,130,34,26.2,34
건축설비,2018,전체,2757,1827,867,47.5,1774,1385,439,31.7,439
건축설비,2018,여자,340,218,90,41.3,187,145,48,33.1,48
건축설비,2019,전체,3024,2023,1042,51.5,2062,1623,591,36.4,591
건축설비,2019,여자,393,268,119,44.4,207,169,55,32.5,55
건축설비,2020,전체,2943,2155,1230,57.1,2418,1817,488,26.9,488
건축설비,2020,여자,332,228,122,53.5,251,192,50,26,50
건축설비,2021,전체,6296,4478,2546,56.9,3845,3122,1158,37.1,1158
건축설비,2021,여자,579,353,179,50.7,290,232,77,33.2,77
토목분야,전체,전체,1126485,798928,260776,32.6,503624,442883,183720,41.5,197778
토목분야,2016(누적),전체,987477,702775,226454,32.2,441662,388186,156213,40.2,170271
토목분야,2017,전체,26942,18765,6543,34.9,11388,10138,5027,49.6,5027
토목분야,2017,여자,3401,2651,1000,37.7,1659,1507,746,49.5,746
토목분야,2018,전체,26782,18737,6636,35.4,11224,10003,5527,55.3,5527
토목분야,2018,여자,3644,2791,1085,38.9,1726,1577,862,54.7,862
토목분야,2019,전체,27779,19148,6869,35.9,13862,12324,5587,45.3,5587
토목분야,2019,여자,4007,3050,1207,39.6,2299,2114,946,44.7,946
토목분야,2020,전체,25005,18001,7033,39.1,12658,10893,5591,51.3,5591
토목분야,2020,여자,4265,3286,1469,44.7,2468,2157,1142,52.9,1142
토목분야,2021,전체,32500,21502,7241,33.7,12830,11339,5775,50.9,5775
토목분야,2021,여자,5595,4049,1540,38,2582,2314,1152,49.8,1152
콘크리트,전체,전체,49371,32117,10658,33.2,14475,12926,8087,62.6,8087
콘크리트,2016(누적),전체,34006,22758,7424,32.6,9398,8424,5361,63.6,5361
콘크리트,2017,전체,3058,1873,704,37.6,1099,999,588,58.9,588
콘크리트,2017,여자,137,93,38,40.9,49,45,26,57.8,26
콘크리트,2018,전체,2940,1788,631,35.3,976,858,514,59.9,514
콘크리트,2018,여자,131,85,35,41.2,45,40,23,57.5,23
콘크리트,2019,전체,2988,1797,646,35.9,1004,882,547,62,547
콘크리트,2019,여자,129,82,38,46.3,59,57,38,66.7,38
콘크리트,2020,전체,2629,1719,526,30.6,949,834,467,56,467
콘크리트,2020,여자,161,104,37,35.6,50,40,26,65,26
콘크리트,2021,전체,3750,2182,727,33.3,1049,929,610,65.7,610
콘크리트,2021,여자,200,119,48,40.3,69,63,39,61.9,39
토목,전체,전체,689978,500994,148111,29.6,314181,288111,112563,39.1,122837
토목,2016(누적),전체,616669,448724,131714,29.4,279765,257718,98270,38.1,108544
토목,2017,전체,14382,10385,3125,30.1,6333,5653,2563,45.3,2563
토목,2017,여자,1822,1410,439,31.1,832,754,356,47.2,356
토목,2018,전체,14060,10118,3073,30.4,5917,5283,2941,55.7,2941
토목,2018,여자,1919,1477,439,29.7,817,749,424,56.6,424
토목,2019,전체,14377,10304,3424,33.2,8166,7321,2837,38.8,2837
토목,2019,여자,2096,1630,553,33.9,1245,1134,438,38.6,438
토목,2020,전체,13516,9940,3555,35.8,7038,5963,3006,50.4,3006
토목,2020,여자,2259,1755,664,37.8,1264,1063,567,53.3,567
토목,2021,전체,16974,11523,3220,27.9,6962,6173,2946,47.7,2946
토목,2021,여자,2927,2140,614,28.7,1292,1148,541,47.1,541
항로표지,전체,전체,2140,1639,842,51.4,1093,977,415,42.5,415
항로표지,2016(누적),전체,1536,1170,550,47,762,678,312,46,312
항로표지,2017,전체,85,59,22,37.3,21,20,10,50,10
항로표지,2017,여자,19,16,5,31.3,4,4,1,25,1
항로표지,2018,전체,110,84,51,60.7,46,43,25,58.1,25
항로표지,2018,여자,16,10,6,60,3,3,3,100,3
항로표지,2019,전체,157,123,94,76.4,83,78,44,56.4,44
항로표지,2019,여자,29,27,26,96.3,19,17,11,64.7,11
항로표지,2020,전체,133,109,58,53.2,80,75,24,32,24
항로표지,2020,여자,31,25,17,68,20,19,5,26.3,5
항로표지,2021,전체,119,94,67,71.3,101,83,0,0,0
항로표지,2021,여자,42,35,28,80,34,28,0,0,0
측량및지형공간정보,전체,전체,122924,79462,28272,35.6,54918,45722,16959,37.1,19127
측량및지형공간정보,2016(누적),전체,107718,69545,24606,35.4,48426,39956,14262,35.7,16430
측량및지형공간정보,2017,전체,2959,1852,658,35.5,1158,1031,462,44.8,462
측량및지형공간정보,2017,여자,381,278,124,44.6,196,176,88,50,88
측량및지형공간정보,2018,전체,3055,2037,753,37,1267,1142,596,52.2,596
측량및지형공간정보,2018,여자,431,321,135,42.1,201,188,106,56.4,106
측량및지형공간정보,2019,전체,3248,2095,718,34.3,1335,1178,564,47.9,564
측량및지형공간정보,2019,여자,500,362,159,43.9,264,244,126,51.6,126
측량및지형공간정보,2020,전체,2561,1747,696,39.8,1316,1165,536,46,536
측량및지형공간정보,2020,여자,514,384,175,45.6,286,265,137,51.7,137
측량및지형공간정보,2021,전체,3383,2186,841,38.5,1416,1250,539,43.1,539
측량및지형공간정보,2021,여자,635,441,198,44.9,324,296,132,44.6,132
지적,전체,전체,88452,60906,19909,32.7,36585,31310,13827,44.2,14865
지적,2016(누적),전체,76572,52353,15919,30.4,30123,25642,11077,43.2,12115
지적,2017,전체,2121,1544,691,44.8,1064,934,584,62.5,584
지적,2017,여자,466,384,162,42.2,276,247,148,59.9,148
지적,2018,전체,2360,1709,830,48.6,1144,1008,444,44,444
지적,2018,여자,537,403,211,52.4,277,243,111,45.7,111
지적,2019,전체,2379,1719,707,41.1,1456,1259,573,45.5,573
지적,2019,여자,603,447,208,46.5,396,363,166,45.7,166
지적,2020,전체,2366,1777,910,51.2,1494,1320,624,47.3,624
지적,2020,여자,653,522,285,54.6,461,413,194,47,194
지적,2021,전체,2654,1804,852,47.2,1304,1147,525,45.8,525
지적,2021,여자,756,529,271,51.2,418,369,167,45.3,167
해양1급,전체,전체,0,0,0,0,0,0,0,0,28
해양1급,2016(누적),전체,0,0,0,0,0,0,0,0,28
해양환경,전체,전체,5381,4532,2190,48.3,3037,2857,1283,44.9,1309
해양환경,2016(누적),전체,3382,2793,1114,39.9,1577,1461,585,40,611
해양환경,2017,전체,381,338,212,62.7,283,269,86,32,86
해양환경,2017,여자,137,127,84,66.1,111,108,30,27.8,30
해양환경,2018,전체,405,357,246,68.9,337,322,170,52.8,170
해양환경,2018,여자,153,135,102,75.6,147,140,70,50,70
해양환경,2019,전체,372,324,188,58,278,267,161,60.3,161
해양환경,2019,여자,147,133,81,60.9,121,120,65,54.2,65
해양환경,2020,전체,401,342,213,62.3,272,264,136,51.5,136
해양환경,2020,여자,170,149,100,67.1,128,127,64,50.4,64
해양환경,2021,전체,440,378,217,57.4,290,274,145,52.9,145
해양환경,2021,여자,191,171,105,61.4,138,133,79,59.4,79
해양자원개발,전체,전체,874,670,267,39.9,356,286,74,25.9,77
해양자원개발,2016(누적),전체,751,574,218,38,289,232,49,21.1,52
해양자원개발,2017,전체,26,20,13,65,21,16,4,25,4
해양자원개발,2017,여자,7,7,6,85.7,11,7,2,28.6,2
해양자원개발,2018,전체,23,16,7,43.8,15,12,9,75,9
해양자원개발,2018,여자,5,4,1,25,6,4,4,100,4
해양자원개발,2019,전체,25,17,10,58.8,12,9,6,66.7,6
해양자원개발,2019,여자,7,5,3,60,4,2,1,50,1
해양자원개발,2020,전체,22,20,5,25,6,5,5,100,5
해양자원개발,2020,여자,7,7,1,14.3,1,1,1,100,1
해양자원개발,2021,전체,27,23,14,60.9,13,12,1,8.3,1
해양자원개발,2021,여자,7,7,4,57.1,3,2,0,0,0
해양공학,전체,전체,1603,1100,299,27.2,471,395,133,33.7,138
해양공학,2016(누적),전체,1510,1037,282,27.2,432,361,126,34.9,131
해양공학,2017,전체,25,16,6,37.5,17,14,0,0,0
해양공학,2017,여자,4,3,1,33.3,1,1,0,0,0
해양공학,2018,전체,16,11,2,18.2,8,7,1,14.3,1
해양공학,2018,여자,3,2,0,0,0,0,0,0,0
해양공학,2019,전체,20,13,2,15.4,4,3,1,33.3,1
해양공학,2019,여자,7,4,1,25,1,1,0,0,0
해양공학,2020,전체,15,11,4,36.4,5,5,1,20,1
해양공학,2020,여자,3,3,2,66.7,3,3,0,0,0
해양공학,2021,전체,17,12,3,25,5,5,4,80,4
해양공학,2021,여자,3,3,0,0,0,0,0,0,0
응용지질,전체,전체,21710,17213,6762,39.3,11160,9900,3747,37.8,4257
응용지질,2016(누적),전체,19297,15292,5984,39.1,9969,8797,3222,36.6,3732
응용지질,2017,전체,511,402,107,26.6,179,165,54,32.7,54
응용지질,2017,여자,145,129,36,27.9,62,58,19,32.8,19
응용지질,2018,전체,506,419,163,38.9,247,233,94,40.3,94
응용지질,2018,여자,151,137,60,43.8,95,89,35,39.3,35
응용지질,2019,전체,490,384,144,37.5,240,220,107,48.6,107
응용지질,2019,여자,141,118,51,43.2,81,80,35,43.8,35
응용지질,2020,전체,398,320,189,59.1,286,272,159,58.5,159
응용지질,2020,여자,131,111,72,64.9,107,102,60,58.8,60
응용지질,2021,전체,508,396,175,44.2,239,213,111,52.1,111
응용지질,2021,여자,185,164,83,50.6,110,100,52,52,52
건설재료시험,전체,전체,138742,96537,42062,43.6,65198,48638,25827,53.1,25831
건설재료시험,2016(누적),전체,121672,85483,37529,43.9,59164,43504,22307,51.3,22311
건설재료시험,2017,전체,3233,2157,974,45.2,1159,987,650,65.9,650
건설재료시험,2017,여자,275,198,104,52.5,114,104,73,70.2,73
건설재료시험,2018,전체,3162,2094,841,40.2,1213,1046,731,69.9,731
건설재료시험,2018,여자,294,215,96,44.7,135,121,86,71.1,86
건설재료시험,2019,전체,3538,2226,882,39.6,1203,1037,717,69.1,717
건설재료시험,2019,여자,340,235,82,34.9,104,92,65,70.7,65
건설재료시험,2020,전체,2751,1852,797,43,1118,905,569,62.9,569
건설재료시험,2020,여자,330,222,114,51.4,143,120,85,70.8,85
건설재료시험,2021,전체,4386,2725,1039,38.1,1341,1159,853,73.6,853
건설재료시험,2021,여자,637,432,182,42.1,186,168,138,82.1,138
철도보선,전체,전체,3630,2562,988,38.6,1555,1250,550,44,0
철도보선,2016(누적),전체,3630,2562,988,38.6,1555,1250,550,44,0
철도토목,전체,전체,1680,1196,416,34.8,595,511,255,49.9,807
철도토목,2016(누적),전체,734,484,126,26,202,163,92,56.4,644
철도토목,2017,전체,161,119,31,26.1,54,50,26,52,26
철도토목,2017,여자,8,6,1,16.7,3,3,3,100,3
철도토목,2018,전체,145,104,39,37.5,54,49,2,4.1,2
철도토목,2018,여자,4,2,0,0,0,0,0,0,0
철도토목,2019,전체,185,146,54,37,81,70,30,42.9,30
철도토목,2019,여자,8,7,5,71.4,5,4,1,25,1
철도토목,2020,전체,213,164,80,48.8,94,85,64,75.3,64
철도토목,2020,여자,6,4,2,50,5,4,3,75,3
철도토목,2021,전체,242,179,86,48,110,94,41,43.6,41
철도토목,2021,여자,12,8,7,87.5,8,7,4,57.1,4
조경분야,전체,전체,198028,152481,28423,18.6,62766,51743,17696,34.2,19591
조경분야,2016(누적),전체,170175,130940,23884,18.2,53621,44200,14457,32.7,16352
조경분야,2017,전체,5646,4371,840,19.2,1524,1267,555,43.8,555
조경분야,2017,여자,2186,1757,337,19.2,580,486,252,51.9,252
조경분야,2018,전체,4992,3858,931,24.1,1846,1538,691,44.9,691
조경분야,2018,여자,1971,1559,378,24.2,700,599,300,50.1,300
조경분야,2019,전체,5712,4505,704,15.6,1700,1412,561,39.7,561
조경분야,2019,여자,2316,1893,296,15.6,663,588,268,45.6,268
조경분야,2020,전체,4943,3884,1056,27.2,1981,1632,702,43,702
조경분야,2020,여자,2054,1682,471,28,851,716,342,47.8,342
조경분야,2021,전체,6560,4923,1008,20.5,2094,1694,730,43.1,730
조경분야,2021,여자,2764,2142,457,21.3,942,786,375,47.7,375
조경,전체,전체,198028,152481,28423,18.6,62766,51743,17696,34.2,19591
조경,2016(누적),전체,170175,130940,23884,18.2,53621,44200,14457,32.7,16352
조경,2017,전체,5646,4371,840,19.2,1524,1267,555,43.8,555
조경,2017,여자,2186,1757,337,19.2,580,486,252,51.9,252
조경,2018,전체,4992,3858,931,24.1,1846,1538,691,44.9,691
조경,2018,여자,1971,1559,378,24.2,700,599,300,50.1,300
조경,2019,전체,5712,4505,704,15.6,1700,1412,561,39.7,561
조경,2019,여자,2316,1893,296,15.6,663,588,268,45.6,268
조경,2020,전체,4943,3884,1056,27.2,1981,1632,702,43,702
조경,2020,여자,2054,1682,471,28,851,716,342,47.8,342
조경,2021,전체,6560,4923,1008,20.5,2094,1694,730,43.1,730
조경,2021,여자,2764,2142,457,21.3,942,786,375,47.7,375
도시.교통분야,전체,전체,125066,92091,40841,44.3,90954,66388,17968,27.1,20187
도시.교통분야,2016(누적),전체,105615,77067,32486,42.2,72985,52674,13787,26.2,16006
도시.교통분야,2017,전체,3610,2789,1427,51.2,3089,2342,563,24,563
도시.교통분야,2017,여자,1189,956,476,49.8,1010,819,208,25.4,208
도시.교통분야,2018,전체,3846,2941,1537,52.3,3625,2808,667,23.8,667
도시.교통분야,2018,여자,1351,1073,608,56.7,1363,1084,257,23.7,257
도시.교통분야,2019,전체,3887,3013,1766,58.6,3904,3010,718,23.9,718
도시.교통분야,2019,여자,1312,1048,635,60.6,1502,1208,285,23.6,285
도시.교통분야,2020,전체,3458,2842,1761,62,3932,2971,1049,35.3,1049
도시.교통분야,2020,여자,1317,1125,705,62.7,1593,1221,439,36,439
도시.교통분야,2021,전체,4650,3439,1864,54.2,3419,2583,1184,45.8,1184
도시.교통분야,2021,여자,1813,1391,792,56.9,1428,1105,518,46.9,518
도시계획,전체,전체,86510,64373,28026,43.5,60063,43514,11634,26.7,13851
도시계획,2016(누적),전체,73143,53839,22303,41.4,48411,34917,8995,25.8,11212
도시계획,2017,전체,2421,1940,946,48.8,1774,1241,431,34.7,431
도시계획,2017,여자,819,671,314,46.8,576,442,166,37.6,166
도시계획,2018,전체,2659,2078,1062,51.1,2237,1687,475,28.2,475
도시계획,2018,여자,977,778,428,55,855,660,205,31.1,205
도시계획,2019,전체,2762,2180,1251,57.4,2557,1958,407,20.8,407
도시계획,2019,여자,975,778,459,59,991,789,172,21.8,172
도시계획,2020,전체,2347,1952,1192,61.1,2693,2003,539,26.9,539
도시계획,2020,여자,964,823,505,61.4,1121,848,247,29.1,247
도시계획,2021,전체,3178,2384,1272,53.4,2391,1708,787,46.1,787
도시계획,2021,여자,1349,1032,578,56,1063,785,383,48.8,383
교통,전체,전체,38556,27718,12815,46.2,30891,22874,6334,27.7,6336
교통,2016(누적),전체,32472,23228,10183,43.8,24574,17757,4792,27,4794
교통,2017,전체,1189,849,481,56.7,1315,1101,132,12,132
교통,2017,여자,370,285,162,56.8,434,377,42,11.1,42
교통,2018,전체,1187,863,475,55,1388,1121,192,17.1,192
교통,2018,여자,374,295,180,61,508,424,52,12.3,52
교통,2019,전체,1125,833,515,61.8,1347,1052,311,29.6,311
교통,2019,여자,337,270,176,65.2,511,419,113,27,113
교통,2020,전체,1111,890,569,63.9,1239,968,510,52.7,510
교통,2020,여자,353,302,200,66.2,472,373,192,51.5,192
교통,2021,전체,1472,1055,592,56.1,1028,875,397,45.4,397
교통,2021,여자,464,359,214,59.6,365,320,135,42.2,135
채광분야,전체,전체,45421,35430,13703,38.7,30443,26428,3876,14.7,6244
채광분야,2016(누적),전체,42348,33122,12837,38.8,28809,24927,3436,13.8,5804
채광분야,2017,전체,676,526,188,35.7,367,338,82,24.3,82
채광분야,2017,여자,18,14,4,28.6,14,14,7,50,7
채광분야,2018,전체,649,507,171,33.7,358,333,86,25.8,86
채광분야,2018,여자,19,15,6,40,7,7,3,42.9,3
채광분야,2019,전체,637,472,173,36.7,313,287,103,35.9,103
채광분야,2019,여자,23,17,6,35.3,10,10,2,20,2
채광분야,2020,전체,509,391,150,38.4,304,277,78,28.2,78
채광분야,2020,여자,17,13,6,46.2,8,6,4,66.7,4
채광분야,2021,전체,602,412,184,44.7,292,266,91,34.2,91
채광분야,2021,여자,28,23,11,47.8,9,9,4,44.4,4
화약류관리,전체,전체,33336,26241,11408,43.5,27959,24123,2859,11.9,3583
화약류관리,2016(누적),전체,30818,24333,10725,44.1,26573,22854,2532,11.1,3256
화약류관리,2017,전체,558,448,156,34.8,329,303,60,19.8,60
화약류관리,2017,여자,12,10,3,30,12,12,5,41.7,5
화약류관리,2018,전체,507,397,127,32,308,286,78,27.3,78
화약류관리,2018,여자,14,10,3,30,4,4,2,50,2
화약류관리,2019,전체,518,378,120,31.7,241,222,60,27,60
화약류관리,2019,여자,21,16,5,31.3,8,8,2,25,2
화약류관리,2020,전체,413,333,119,35.7,259,232,56,24.1,56
화약류관리,2020,여자,14,10,5,50,7,5,4,80,4
화약류관리,2021,전체,522,352,161,45.7,249,226,73,32.3,73
화약류관리,2021,여자,26,21,10,47.6,8,8,4,50,4
광산보안,전체,전체,10893,8351,2116,25.3,2192,2053,950,46.3,2594
광산보안,2016(누적),전체,10338,7951,1933,24.3,1944,1821,837,46,2481
광산보안,2017,전체,118,78,32,41,38,35,22,62.9,22
광산보안,2017,여자,6,4,1,25,2,2,2,100,2
광산보안,2018,전체,142,110,44,40,50,47,8,17,8
광산보안,2018,여자,5,5,3,60,3,3,1,33.3,1
광산보안,2019,전체,119,94,53,56.4,72,65,43,66.2,43
광산보안,2019,여자,2,1,1,100,2,2,0,0,0
광산보안,2020,전체,96,58,31,53.4,45,45,22,48.9,22
광산보안,2020,여자,3,3,1,33.3,1,1,0,0,0
광산보안,2021,전체,80,60,23,38.3,43,40,18,45,18
광산보안,2021,여자,2,2,1,50,1,1,0,0,0
지하수,전체,전체,1192,838,179,21.4,292,252,67,26.6,67
지하수,2016(누적),전체,1192,838,179,21.4,292,252,67,26.6,67
광해방지분야,전체,전체,2668,2077,1082,52.1,1664,1405,408,29,408
광해방지분야,2016(누적),전체,2199,1731,844,48.8,1306,1105,333,30.1,333
광해방지분야,2017,전체,152,110,77,70,90,79,30,38,30
광해방지분야,2017,여자,35,29,25,86.2,29,28,6,21.4,6
광해방지분야,2018,전체,87,67,45,67.2,66,58,9,15.5,9
광해방지분야,2018,여자,11,11,10,90.9,20,17,4,23.5,4
광해방지분야,2019,전체,87,58,35,60.3,62,49,10,20.4,10
광해방지분야,2019,여자,16,11,8,72.7,13,9,4,44.4,4
광해방지분야,2020,전체,79,68,48,70.6,77,61,10,16.4,10
광해방지분야,2020,여자,17,15,12,80,17,13,0,0,0
광해방지분야,2021,전체,64,43,33,76.7,63,53,16,30.2,16
광해방지분야,2021,여자,16,12,9,75,19,16,5,31.3,5
광해방지,전체,전체,2668,2077,1082,52.1,1664,1405,408,29,408
광해방지,2016(누적),전체,2199,1731,844,48.8,1306,1105,333,30.1,333
광해방지,2017,전체,152,110,77,70,90,79,30,38,30
광해방지,2017,여자,35,29,25,86.2,29,28,6,21.4,6
광해방지,2018,전체,87,67,45,67.2,66,58,9,15.5,9
광해방지,2018,여자,11,11,10,90.9,20,17,4,23.5,4
광해방지,2019,전체,87,58,35,60.3,62,49,10,20.4,10
광해방지,2019,여자,16,11,8,72.7,13,9,4,44.4,4
광해방지,2020,전체,79,68,48,70.6,77,61,10,16.4,10
광해방지,2020,여자,17,15,12,80,17,13,0,0,0
광해방지,2021,전체,64,43,33,76.7,63,53,16,30.2,16
광해방지,2021,여자,16,12,9,75,19,16,5,31.3,5
기계제작분야,전체,전체,316342,226812,79488,35,140102,120824,49005,40.6,49724
기계제작분야,2016(누적),전체,217548,153729,46913,30.5,86770,73426,27939,38.1,28658
기계제작분야,2017,전체,19095,14226,5888,41.4,9003,8051,3612,44.9,3612
기계제작분야,2017,여자,1897,1453,527,36.3,814,729,318,43.6,318
기계제작분야,2018,전체,17380,12741,5464,42.9,8961,7951,2886,36.3,2886
기계제작분야,2018,여자,2081,1539,525,34.1,837,750,263,35.1,263
기계제작분야,2019,전체,20059,14537,6377,43.9,10562,9509,4148,43.6,4148
기계제작분야,2019,여자,2601,1962,760,38.7,1168,1070,465,43.5,465
기계제작분야,2020,전체,20096,15508,7174,46.3,12542,10913,5513,50.5,5513
기계제작분야,2020,여자,2943,2288,869,38,1491,1322,680,51.4,680
기계제작분야,2021,전체,22164,16071,7672,47.7,12264,10974,4907,44.7,4907
기계제작분야,2021,여자,3185,2350,1013,43.1,1700,1542,650,42.2,650
일반기계,전체,전체,305398,219326,77889,35.5,138253,119170,48346,40.6,48855
일반기계,2016(누적),전체,207801,147046,45495,30.9,85089,71918,27333,38,27842
일반기계,2017,전체,18857,14076,5853,41.6,8968,8021,3602,44.9,3602
일반기계,2017,여자,1876,1440,526,36.5,813,729,318,43.6,318
일반기계,2018,전체,17178,12603,5429,43.1,8928,7923,2873,36.3,2873
일반기계,2018,여자,2056,1523,522,34.3,835,748,261,34.9,261
일반기계,2019,전체,19837,14389,6353,44.2,10540,9490,4141,43.6,4141
일반기계,2019,여자,2572,1945,759,39,1167,1069,464,43.4,464
일반기계,2020,전체,19876,15351,7147,46.6,12507,10883,5495,50.5,5495
일반기계,2020,여자,2912,2265,868,38.3,1490,1321,679,51.4,679
일반기계,2021,전체,21849,15861,7612,48,12221,10935,4902,44.8,4902
일반기계,2021,여자,3149,2328,1007,43.3,1696,1538,650,42.3,650
계량1급(제11류),전체,전체,1624,944,147,15.6,62,61,28,45.9,0
계량1급(제11류),2016(누적),전체,1624,944,147,15.6,62,61,28,45.9,0
기계공정설계,전체,전체,983,744,193,25.9,271,237,89,37.6,0
기계공정설계,2016(누적),전체,983,744,193,25.9,271,237,89,37.6,0
기계설계,전체,전체,4599,3136,610,19.5,628,539,174,32.3,363
기계설계,2016(누적),전체,3402,2333,429,18.4,460,393,121,30.8,310
기계설계,2017,전체,238,150,35,23.3,35,30,10,33.3,10
기계설계,2017,여자,21,13,1,7.7,1,0,0,0,0
기계설계,2018,전체,202,138,35,25.4,33,28,13,46.4,13
기계설계,2018,여자,25,16,3,18.8,2,2,2,100,2
기계설계,2019,전체,222,148,24,16.2,22,19,7,36.8,7
기계설계,2019,여자,29,17,1,5.9,1,1,1,100,1
기계설계,2020,전체,220,157,27,17.2,35,30,18,60,18
기계설계,2020,여자,31,23,1,4.3,1,1,1,100,1
기계설계,2021,전체,315,210,60,28.6,43,39,5,12.8,5
기계설계,2021,여자,36,22,6,27.3,4,4,0,0,0
치공구설계,전체,전체,847,670,160,23.9,179,163,53,32.5,0
치공구설계,2016(누적),전체,847,670,160,23.9,179,163,53,32.5,0
정밀측정(기계분야),전체,전체,683,506,141,27.9,211,192,96,50,95
정밀측정(기계분야),2016(누적),전체,683,506,141,27.9,211,192,96,50,95
정밀측정(전기분야),전체,전체,57,43,2,4.7,6,6,1,16.7,1
정밀측정(전기분야),2016(누적),전체,57,43,2,4.7,6,6,1,16.7,1
정밀측정,전체,전체,1447,1087,283,26,430,395,190,48.1,97
정밀측정,2016(누적),전체,1447,1087,283,26,430,395,190,48.1,97
계량(전기분야),전체,전체,144,86,23,26.7,22,21,9,42.9,128
계량(전기분야),2016(누적),전체,144,86,23,26.7,22,21,9,42.9,128
계량(기계분야),전체,전체,484,217,33,15.2,26,26,16,61.5,146
계량(기계분야),2016(누적),전체,484,217,33,15.2,26,26,16,61.5,146
계량(물리분야),전체,전체,76,53,7,13.2,14,14,3,21.4,39
계량(물리분야),2016(누적),전체,76,53,7,13.2,14,14,3,21.4,39
기계장비설비.설치분야,전체,전체,372875,261702,98458,37.6,176159,148243,55316,37.3,57719
기계장비설비.설치분야,2016(누적),전체,296726,206744,72217,34.9,132337,110624,39913,36.1,42316
기계장비설비.설치분야,2017,전체,12198,8830,3964,44.9,6205,5459,2667,48.9,2667
기계장비설비.설치분야,2017,여자,524,389,171,44,262,229,102,44.5,102
기계장비설비.설치분야,2018,전체,12912,9235,3671,39.8,6123,5384,2483,46.1,2483
기계장비설비.설치분야,2018,여자,611,441,170,38.5,274,222,115,51.8,115
기계장비설비.설치분야,2019,전체,15140,10990,5241,47.7,8058,7118,2695,37.9,2695
기계장비설비.설치분야,2019,여자,740,547,284,51.9,387,340,124,36.5,124
기계장비설비.설치분야,2020,전체,13750,10142,4820,47.5,10279,8288,2814,34,2814
기계장비설비.설치분야,2020,여자,806,600,307,51.2,658,522,170,32.6,170
기계장비설비.설치분야,2021,전체,22149,15761,8545,54.2,13157,11370,4744,41.7,4744
기계장비설비.설치분야,2021,여자,1375,1042,647,62.1,925,795,374,47,374
농업기계,전체,전체,1270,866,179,20.7,227,188,63,33.5,63
농업기계,2016(누적),전체,1060,733,151,20.6,204,166,49,29.5,49
농업기계,2017,전체,31,24,5,20.8,3,3,1,33.3,1
농업기계,2017,여자,0,0,0,0,0,0,0,0,0
농업기계,2018,전체,38,23,3,13,4,4,1,25,1
농업기계,2018,여자,4,1,1,100,1,1,0,0,0
농업기계,2019,전체,56,30,9,30,11,10,9,90,9
농업기계,2019,여자,4,2,1,50,2,2,2,100,2
농업기계,2020,전체,41,26,4,15.4,2,2,1,50,1
농업기계,2020,여자,1,0,0,0,0,0,0,0,0
농업기계,2021,전체,44,30,7,23.3,3,3,2,66.7,2
농업기계,2021,여자,4,3,0,0,0,0,0,0,0
윤활관리,전체,전체,178,105,13,12.4,17,15,3,20,3
윤활관리,2016(누적),전체,178,105,13,12.4,17,15,3,20,3
건설기계,전체,전체,146059,104006,38648,37.2,72368,60595,20600,34,0
건설기계,2016(누적),전체,146059,104006,38648,37.2,72368,60595,20600,34,0
건설기계설비,전체,전체,17064,12774,7695,60.2,9041,7523,4286,57,25748
건설기계설비,2016(누적),전체,6236,4606,2151,46.7,2433,1994,1040,52.2,22502
건설기계설비,2017,전체,1760,1320,743,56.3,849,730,416,57,416
건설기계설비,2017,여자,132,98,58,59.2,71,64,32,50,32
건설기계설비,2018,전체,1535,1074,586,54.6,731,629,377,59.9,377
건설기계설비,2018,여자,106,71,31,43.7,48,41,25,61,25
건설기계설비,2019,전체,1506,1085,633,58.3,720,615,350,56.9,350
건설기계설비,2019,여자,130,102,48,47.1,48,42,32,76.2,32
건설기계설비,2020,전체,1603,1183,813,68.7,1241,911,501,55,501
건설기계설비,2020,여자,154,113,67,59.3,94,69,38,55.1,38
건설기계설비,2021,전체,4424,3506,2769,79,3067,2644,1602,60.6,1602
건설기계설비,2021,여자,568,460,356,77.4,373,327,196,59.9,196
건설기계정비,전체,전체,6914,4948,2032,41.1,911,770,215,27.9,1731
건설기계정비,2016(누적),전체,6544,4664,1963,42.1,825,699,189,27,1705
건설기계정비,2017,전체,77,56,16,28.6,21,20,7,35,7
건설기계정비,2017,여자,1,0,0,0,0,0,0,0,0
건설기계정비,2018,전체,60,43,7,16.3,11,8,3,37.5,3
건설기계정비,2018,여자,1,1,0,0,0,0,0,0,0
건설기계정비,2019,전체,81,61,13,21.3,17,14,2,14.3,2
건설기계정비,2019,여자,0,0,0,0,0,0,0,0,0
건설기계정비,2020,전체,70,55,9,16.4,10,6,1,16.7,1
건설기계정비,2020,여자,0,0,0,0,0,0,0,0,0
건설기계정비,2021,전체,82,69,24,34.8,27,23,13,56.5,13
건설기계정비,2021,여자,2,2,2,100,2,2,2,100,2
궤도장비정비,전체,전체,550,451,94,20.8,114,108,49,45.4,49
궤도장비정비,2016(누적),전체,421,354,72,20.3,104,98,43,43.9,43
궤도장비정비,2017,전체,26,21,3,14.3,7,7,4,57.1,4
궤도장비정비,2017,여자,0,0,0,0,0,0,0,0,0
궤도장비정비,2018,전체,17,11,3,27.3,3,3,2,66.7,2
궤도장비정비,2018,여자,0,0,0,0,0,0,0,0,0
궤도장비정비,2019,전체,25,17,0,0,0,0,0,0,0
궤도장비정비,2019,여자,0,0,0,0,0,0,0,0,0
궤도장비정비,2020,전체,19,16,5,31.3,0,0,0,0,0
궤도장비정비,2020,여자,0,0,0,0,0,0,0,0,0
궤도장비정비,2021,전체,42,32,11,34.4,0,0,0,0,0
궤도장비정비,2021,여자,1,1,1,100,0,0,0,0,0
메카트로닉스,전체,전체,2213,1616,359,22.2,443,361,99,27.4,101
메카트로닉스,2016(누적),전체,2146,1570,347,22.1,431,350,95,27.1,97
메카트로닉스,2017,전체,17,10,5,50,5,4,2,50,2
메카트로닉스,2017,여자,1,0,0,0,0,0,0,0,0
메카트로닉스,2018,전체,15,12,3,25,2,2,1,50,1
메카트로닉스,2018,여자,0,0,0,0,0,0,0,0,0
메카트로닉스,2019,전체,14,8,3,37.5,3,3,1,33.3,1
메카트로닉스,2019,여자,0,0,0,0,0,0,0,0,0
메카트로닉스,2020,전체,8,7,0,0,1,1,0,0,0
메카트로닉스,2020,여자,0,0,0,0,0,0,0,0,0
메카트로닉스,2021,전체,13,9,1,11.1,1,1,0,0,0
메카트로닉스,2021,여자,0,0,0,0,0,0,0,0,0
승강기,전체,전체,26988,20091,4997,24.9,7389,6999,3843,54.9,3842
승강기,2016(누적),전체,17175,12812,2673,20.9,4174,3990,2109,52.9,2108
승강기,2017,전체,1567,1156,231,20,336,330,191,57.9,191
승강기,2017,여자,42,32,12,37.5,17,17,10,58.8,10
승강기,2018,전체,1808,1380,438,31.7,509,499,341,68.3,341
승강기,2018,여자,67,56,26,46.4,32,30,27,90,27
승강기,2019,전체,2417,1803,667,37,811,801,590,73.7,590
승강기,2019,여자,85,70,35,50,36,36,29,80.6,29
승강기,2020,전체,1527,1147,356,31,606,530,274,51.7,274
승강기,2020,여자,57,49,15,30.6,25,22,15,68.2,15
승강기,2021,전체,2494,1793,632,35.2,953,849,338,39.8,338
승강기,2021,여자,102,81,36,44.4,40,38,23,60.5,23
공조냉동기계,전체,전체,141631,93359,32257,34.6,69629,56628,17566,31,17590
공조냉동기계,2016(누적),전체,103025,66591,19955,30,44128,35501,11568,32.6,11592
공조냉동기계,2017,전체,6054,4137,1821,44,3379,2853,1119,39.2,1119
공조냉동기계,2017,여자,331,243,96,39.5,167,142,56,39.4,56
공조냉동기계,2018,전체,6580,4570,1694,37.1,3400,2855,938,32.9,938
공조냉동기계,2018,여자,404,291,103,35.4,183,140,55,39.3,55
공조냉동기계,2019,전체,7688,5456,2655,48.7,4756,4026,860,21.4,860
공조냉동기계,2019,여자,508,364,194,53.3,291,250,55,22,55
공조냉동기계,2020,전체,7738,5640,2707,48,6880,5438,1268,23.3,1268
공조냉동기계,2020,여자,573,422,216,51.2,528,421,112,26.6,112
공조냉동기계,2021,전체,10546,6965,3425,49.2,7086,5955,1813,30.4,1813
공조냉동기계,2021,여자,656,461,232,50.3,490,409,142,34.7,142
설비보전,전체,전체,30008,23486,12184,51.9,16020,15056,8592,57.1,8592
설비보전,2016(누적),전체,13882,11303,6244,55.2,7653,7216,4217,58.4,4217
설비보전,2017,전체,2666,2106,1140,54.1,1605,1512,927,61.3,927
설비보전,2017,여자,17,16,5,31.3,7,6,4,66.7,4
설비보전,2018,전체,2859,2122,937,44.2,1463,1384,820,59.2,820
설비보전,2018,여자,29,21,9,42.9,10,10,8,80,8
설비보전,2019,전체,3353,2530,1261,49.8,1740,1649,883,53.5,883
설비보전,2019,여자,13,9,6,66.7,10,10,6,60,6
설비보전,2020,전체,2744,2068,926,44.8,1539,1400,769,54.9,769
설비보전,2020,여자,21,16,9,56.3,11,10,5,50,5
설비보전,2021,전체,4504,3357,1676,49.9,2020,1895,976,51.5,976
설비보전,2021,여자,42,34,20,58.8,20,19,11,57.9,11
철도분야,전체,전체,1382,959,243,25.3,402,360,62,17.2,72
철도분야,2016(누적),전체,1313,914,233,25.5,394,352,59,16.8,69
철도분야,2017,전체,10,6,0,0,0,0,0,0,0
철도분야,2017,여자,0,0,0,0,0,0,0,0,0
철도분야,2018,전체,12,8,2,25,2,2,1,50,1
철도분야,2018,여자,1,1,0,0,0,0,0,0,0
철도분야,2019,전체,15,11,1,9.1,1,1,1,100,1
철도분야,2019,여자,0,0,0,0,0,0,0,0,0
철도분야,2020,전체,13,9,1,11.1,1,1,0,0,0
철도분야,2020,여자,0,0,0,0,0,0,0,0,0
철도분야,2021,전체,19,11,6,54.5,4,4,1,25,1
철도분야,2021,여자,2,1,1,100,0,0,0,0,0
철도차량,전체,전체,1382,959,243,25.3,402,360,62,17.2,72
철도차량,2016(누적),전체,1313,914,233,25.5,394,352,59,16.8,69
철도차량,2017,전체,10,6,0,0,0,0,0,0,0
철도차량,2017,여자,0,0,0,0,0,0,0,0,0
철도차량,2018,전체,12,8,2,25,2,2,1,50,1
철도차량,2018,여자,1,1,0,0,0,0,0,0,0
철도차량,2019,전체,15,11,1,9.1,1,1,1,100,1
철도차량,2019,여자,0,0,0,0,0,0,0,0,0
철도차량,2020,전체,13,9,1,11.1,1,1,0,0,0
철도차량,2020,여자,0,0,0,0,0,0,0,0,0
철도차량,2021,전체,19,11,6,54.5,4,4,1,25,1
철도차량,2021,여자,2,1,1,100,0,0,0,0,0
조선분야,전체,전체,7816,5829,1485,25.5,1500,1360,711,52.3,1476
조선분야,2016(누적),전체,6977,5177,1229,23.7,1185,1058,534,50.5,1299
조선분야,2017,전체,160,120,52,43.3,56,55,33,60,33
조선분야,2017,여자,7,4,0,0,2,2,0,0,0
조선분야,2018,전체,139,104,34,32.7,47,43,31,72.1,31
조선분야,2018,여자,10,8,1,12.5,1,1,0,0,0
조선분야,2019,전체,204,163,67,41.1,73,73,46,63,46
조선분야,2019,여자,13,11,5,45.5,6,6,5,83.3,5
조선분야,2020,전체,170,138,61,44.2,78,76,34,44.7,34
조선분야,2020,여자,24,21,12,57.1,11,11,5,45.5,5
조선분야,2021,전체,166,127,42,33.1,61,55,33,60,33
조선분야,2021,여자,21,14,7,50,11,9,7,77.8,7
조선,전체,전체,6556,5048,1386,27.5,1450,1320,703,53.3,1476
조선,2016(누적),전체,5717,4396,1130,25.7,1135,1018,526,51.7,1299
조선,2017,전체,160,120,52,43.3,56,55,33,60,33
조선,2017,여자,7,4,0,0,2,2,0,0,0
조선,2018,전체,139,104,34,32.7,47,43,31,72.1,31
조선,2018,여자,10,8,1,12.5,1,1,0,0,0
조선,2019,전체,204,163,67,41.1,73,73,46,63,46
조선,2019,여자,13,11,5,45.5,6,6,5,83.3,5
조선,2020,전체,170,138,61,44.2,78,76,34,44.7,34
조선,2020,여자,24,21,12,57.1,11,11,5,45.5,5
조선,2021,전체,166,127,42,33.1,61,55,33,60,33
조선,2021,여자,21,14,7,50,11,9,7,77.8,7
선박기계1급,전체,전체,1260,781,99,12.7,50,40,8,20,0
선박기계1급,2016(누적),전체,1260,781,99,12.7,50,40,8,20,0
항공분야,전체,전체,3989,2987,654,21.9,509,446,89,20,694
항공분야,2016(누적),전체,3572,2689,599,22.3,428,372,79,21.2,684
항공분야,2017,전체,73,50,13,26,13,11,5,45.5,5
항공분야,2017,여자,6,5,1,20,1,1,0,0,0
항공분야,2018,전체,86,63,11,17.5,19,17,0,0,0
항공분야,2018,여자,9,6,0,0,1,1,0,0,0
항공분야,2019,전체,86,61,8,13.1,16,14,2,14.3,2
항공분야,2019,여자,7,7,1,14.3,1,1,0,0,0
항공분야,2020,전체,74,55,12,21.8,16,15,2,13.3,2
항공분야,2020,여자,5,4,2,50,2,2,0,0,0
항공분야,2021,전체,98,69,11,15.9,17,17,1,5.9,1
항공분야,2021,여자,8,6,0,0,2,2,0,0,0
항공,전체,전체,3989,2987,654,21.9,509,446,89,20,694
항공,2016(누적),전체,3572,2689,599,22.3,428,372,79,21.2,684
항공,2017,전체,73,50,13,26,13,11,5,45.5,5
항공,2017,여자,6,5,1,20,1,1,0,0,0
항공,2018,전체,86,63,11,17.5,19,17,0,0,0
항공,2018,여자,9,6,0,0,1,1,0,0,0
항공,2019,전체,86,61,8,13.1,16,14,2,14.3,2
항공,2019,여자,7,7,1,14.3,1,1,0,0,0
항공,2020,전체,74,55,12,21.8,16,15,2,13.3,2
항공,2020,여자,5,4,2,50,2,2,0,0,0
항공,2021,전체,98,69,11,15.9,17,17,1,5.9,1
항공,2021,여자,8,6,0,0,2,2,0,0,0
자동차분야,전체,전체,124637,91664,26468,28.9,43391,37050,10775,29.1,13589
자동차분야,2016(누적),전체,115130,84760,25026,29.5,40786,34642,10143,29.3,12957
자동차분야,2017,전체,1853,1346,298,22.1,534,500,163,32.6,163
자동차분야,2017,여자,39,27,7,25.9,9,9,3,33.3,3
자동차분야,2018,전체,1763,1269,330,26,539,500,110,22,110
자동차분야,2018,여자,41,29,5,17.2,7,6,2,33.3,2
자동차분야,2019,전체,2045,1522,326,21.4,601,549,167,30.4,167
자동차분야,2019,여자,42,35,9,25.7,13,11,3,27.3,3
자동차분야,2020,전체,1633,1241,248,20,489,439,103,23.5,103
자동차분야,2020,여자,53,37,9,24.3,10,10,2,20,2
자동차분야,2021,전체,2213,1526,240,15.7,442,420,89,21.2,89
자동차분야,2021,여자,61,39,11,28.2,17,17,3,17.6,3
그린전동자동차,전체,전체,2582,1963,354,18,555,485,59,12.2,62
그린전동자동차,2016(누적),전체,557,424,82,19.3,124,106,8,7.5,11
그린전동자동차,2017,전체,353,256,59,23,89,81,3,3.7,3
그린전동자동차,2017,여자,13,10,2,20,2,2,0,0,0
그린전동자동차,2018,전체,359,275,106,38.5,141,124,2,1.6,2
그린전동자동차,2018,여자,9,4,0,0,1,1,0,0,0
그린전동자동차,2019,전체,469,349,73,20.9,123,105,46,43.8,46
그린전동자동차,2019,여자,8,6,1,16.7,2,1,0,0,0
그린전동자동차,2020,전체,259,206,15,7.3,43,36,0,0,0
그린전동자동차,2020,여자,9,4,0,0,0,0,0,0,0
그린전동자동차,2021,전체,585,453,19,4.2,35,33,0,0,0
그린전동자동차,2021,여자,22,13,0,0,0,0,0,0,0
그린전동자동차기사,전체,전체,376,299,66,22.1,58,54,3,5.6,0
그린전동자동차기사,2016(누적),전체,376,299,66,22.1,58,54,3,5.6,0
자동차정비,전체,전체,78836,58275,14889,25.5,25163,21604,6531,30.2,13527
자동차정비,2016(누적),전체,71354,52910,13719,25.9,22989,19575,5950,30.4,12946
자동차정비,2017,전체,1500,1090,239,21.9,445,419,160,38.2,160
자동차정비,2017,여자,26,17,5,29.4,7,7,3,42.9,3
자동차정비,2018,전체,1404,994,224,22.5,398,376,108,28.7,108
자동차정비,2018,여자,32,25,5,20,6,5,2,40,2
자동차정비,2019,전체,1576,1173,253,21.6,478,444,121,27.3,121
자동차정비,2019,여자,34,29,8,27.6,11,10,3,30,3
자동차정비,2020,전체,1374,1035,233,22.5,446,403,103,25.6,103
자동차정비,2020,여자,44,33,9,27.3,10,10,2,20,2
자동차정비,2021,전체,1628,1073,221,20.6,407,387,89,23,89
자동차정비,2021,여자,39,26,11,42.3,17,17,3,17.6,3
자동차검사,전체,전체,42843,31127,11159,35.8,17615,14907,4182,28.1,0
자동차검사,2016(누적),전체,42843,31127,11159,35.8,17615,14907,4182,28.1,0
금형.공작기계분야,전체,전체,5823,4406,1051,23.9,1525,1323,356,26.9,357
금형.공작기계분야,2016(누적),전체,5041,3808,894,23.5,1302,1121,291,26,292
금형.공작기계분야,2017,전체,177,127,47,37,64,62,15,24.2,15
금형.공작기계분야,2017,여자,21,13,4,30.8,7,7,2,28.6,2
금형.공작기계분야,2018,전체,141,108,18,16.7,41,37,9,24.3,9
금형.공작기계분야,2018,여자,8,5,2,40,3,3,2,66.7,2
금형.공작기계분야,2019,전체,174,143,35,24.5,43,38,10,26.3,10
금형.공작기계분야,2019,여자,15,10,1,10,2,1,1,100,1
금형.공작기계분야,2020,전체,148,112,22,19.6,36,30,14,46.7,14
금형.공작기계분야,2020,여자,18,12,0,0,1,1,1,100,1
금형.공작기계분야,2021,전체,142,108,35,32.4,39,35,17,48.6,17
금형.공작기계분야,2021,여자,16,11,4,36.4,4,4,3,75,3
사출금형설계,전체,전체,3308,2497,626,25.1,900,778,208,26.7,208
사출금형설계,2016(누적),전체,2858,2164,536,24.8,771,662,170,25.7,170
사출금형설계,2017,전체,106,78,29,37.2,43,42,8,19,8
사출금형설계,2017,여자,17,11,4,36.4,7,7,2,28.6,2
사출금형설계,2018,전체,69,51,9,17.6,22,19,5,26.3,5
사출금형설계,2018,여자,6,3,2,66.7,3,3,2,66.7,2
사출금형설계,2019,전체,104,82,22,26.8,25,22,5,22.7,5
사출금형설계,2019,여자,8,5,0,0,1,0,0,0,0
사출금형설계,2020,전체,86,61,11,18,19,16,9,56.3,9
사출금형설계,2020,여자,13,9,0,0,1,1,1,100,1
사출금형설계,2021,전체,85,61,19,31.1,20,17,11,64.7,11
사출금형설계,2021,여자,8,5,2,40,2,2,2,100,2
프레스금형설계,전체,전체,2515,1909,425,22.3,625,545,148,27.2,149
프레스금형설계,2016(누적),전체,2183,1644,358,21.8,531,459,121,26.4,122
프레스금형설계,2017,전체,71,49,18,36.7,21,20,7,35,7
프레스금형설계,2017,여자,4,2,0,0,0,0,0,0,0
프레스금형설계,2018,전체,72,57,9,15.8,19,18,4,22.2,4
프레스금형설계,2018,여자,2,2,0,0,0,0,0,0,0
프레스금형설계,2019,전체,70,61,13,21.3,18,16,5,31.3,5
프레스금형설계,2019,여자,7,5,1,20,1,1,1,100,1
프레스금형설계,2020,전체,62,51,11,21.6,17,14,5,35.7,5
프레스금형설계,2020,여자,5,3,0,0,0,0,0,0,0
프레스금형설계,2021,전체,57,47,16,34,19,18,6,33.3,6
프레스금형설계,2021,여자,8,6,2,33.3,2,2,1,50,1
금속.재료분야,전체,전체,24361,19307,6469,33.5,6855,6384,2729,42.7,6122
금속.재료분야,2016(누적),전체,21002,16702,5067,30.3,5245,4838,1787,36.9,5180
금속.재료분야,2017,전체,486,368,182,49.5,181,174,43,24.7,43
금속.재료분야,2017,여자,73,59,26,44.1,26,26,8,30.8,8
금속.재료분야,2018,전체,401,306,112,36.6,165,158,87,55.1,87
금속.재료분야,2018,여자,55,42,18,42.9,25,24,14,58.3,14
금속.재료분야,2019,전체,692,540,319,59.1,347,332,245,73.8,245
금속.재료분야,2019,여자,98,75,36,48,38,37,29,78.4,29
금속.재료분야,2020,전체,789,650,443,68.2,467,449,299,66.6,299
금속.재료분야,2020,여자,133,116,80,69,80,78,52,66.7,52
금속.재료분야,2021,전체,991,741,346,46.7,450,433,268,61.9,268
금속.재료분야,2021,여자,159,117,53,45.3,71,69,41,59.4,41
금속1급,전체,전체,0,0,0,0,0,0,0,0,671
금속1급,2016(누적),전체,0,0,0,0,0,0,0,0,671
금속(재료분야),전체,전체,13793,11076,3140,28.3,3052,2873,1249,43.5,0
금속(재료분야),2016(누적),전체,13793,11076,3140,28.3,3052,2873,1249,43.5,0
금속(제련분야),전체,전체,1088,845,175,20.7,207,186,66,35.5,0
금속(제련분야),2016(누적),전체,1088,845,175,20.7,207,186,66,35.5,0
금속(가공분야),전체,전체,1608,1194,216,18.1,293,281,143,50.9,0
금속(가공분야),2016(누적),전체,1608,1194,216,18.1,293,281,143,50.9,0
금속,전체,전체,461,331,40,12.1,46,44,28,63.6,0
금속,2016(누적),전체,461,331,40,12.1,46,44,28,63.6,0
금속재료,전체,전체,4683,3578,1703,47.6,1935,1859,1161,62.5,4835
금속재료,2016(누적),전체,1324,973,301,30.9,325,313,219,70,3893
금속재료,2017,전체,486,368,182,49.5,181,174,43,24.7,43
금속재료,2017,여자,73,59,26,44.1,26,26,8,30.8,8
금속재료,2018,전체,401,306,112,36.6,165,158,87,55.1,87
금속재료,2018,여자,55,42,18,42.9,25,24,14,58.3,14
금속재료,2019,전체,692,540,319,59.1,347,332,245,73.8,245
금속재료,2019,여자,98,75,36,48,38,37,29,78.4,29
금속재료,2020,전체,789,650,443,68.2,467,449,299,66.6,299
금속재료,2020,여자,133,116,80,69,80,78,52,66.7,52
금속재료,2021,전체,991,741,346,46.7,450,433,268,61.9,268
금속재료,2021,여자,159,117,53,45.3,71,69,41,59.4,41
세라믹,전체,전체,2728,2283,1195,52.3,1322,1141,82,7.2,616
세라믹,2016(누적),전체,2728,2283,1195,52.3,1322,1141,82,7.2,616
용접분야,전체,전체,20459,14499,2897,20,4685,4405,1770,40.2,1771
용접분야,2016(누적),전체,16074,11489,2230,19.4,3417,3205,1420,44.3,1421
용접분야,2017,전체,1159,835,167,20,321,301,103,34.2,103
용접분야,2017,여자,14,12,3,25,5,4,2,50,2
용접분야,2018,전체,966,677,172,25.4,277,262,88,33.6,88
용접분야,2018,여자,14,11,4,36.4,5,5,2,40,2
용접분야,2019,전체,947,643,123,19.1,292,277,59,21.3,59
용접분야,2019,여자,21,17,3,17.6,7,7,1,14.3,1
용접분야,2020,전체,554,395,84,21.3,196,182,41,22.5,41
용접분야,2020,여자,9,6,2,33.3,4,3,1,33.3,1
용접분야,2021,전체,759,460,121,26.3,182,178,59,33.1,59
용접분야,2021,여자,14,10,3,30,4,4,0,0,0
용접,전체,전체,20459,14499,2897,20,4685,4405,1770,40.2,1771
용접,2016(누적),전체,16074,11489,2230,19.4,3417,3205,1420,44.3,1421
용접,2017,전체,1159,835,167,20,321,301,103,34.2,103
용접,2017,여자,14,12,3,25,5,4,2,50,2
용접,2018,전체,966,677,172,25.4,277,262,88,33.6,88
용접,2018,여자,14,11,4,36.4,5,5,2,40,2
용접,2019,전체,947,643,123,19.1,292,277,59,21.3,59
용접,2019,여자,21,17,3,17.6,7,7,1,14.3,1
용접,2020,전체,554,395,84,21.3,196,182,41,22.5,41
용접,2020,여자,9,6,2,33.3,4,3,1,33.3,1
용접,2021,전체,759,460,121,26.3,182,178,59,33.1,59
용접,2021,여자,14,10,3,30,4,4,0,0,0
화공분야,전체,전체,173204,132393,48543,36.7,71308,66617,29414,44.2,33087
화공분야,2016(누적),전체,96627,72911,21808,29.9,31914,29297,11401,38.9,15075
화공분야,2017,전체,11900,9320,4899,52.6,6108,5791,3704,64,3704
화공분야,2017,여자,5389,4339,2224,51.3,2819,2683,1685,62.8,1685
화공분야,2018,전체,12535,9806,5076,51.8,6511,6243,3267,52.3,3267
화공분야,2018,여자,5887,4677,2352,50.3,2942,2842,1418,49.9,1419
화공분야,2019,전체,17623,13765,7223,52.5,9462,9034,5795,64.1,5795
화공분야,2019,여자,8785,7061,3681,52.1,4849,4653,2965,63.7,2966
화공분야,2020,전체,15295,12117,4752,39.2,8542,7959,2524,31.7,2524
화공분야,2020,여자,7608,6115,2174,35.6,4105,3844,1211,31.5,1211
화공분야,2021,전체,19224,14474,4785,33.1,8771,8293,2723,32.8,2722
화공분야,2021,여자,10160,7857,2407,30.6,4305,4092,1444,35.3,1443
화공,전체,전체,98972,75712,27200,35.9,41779,39035,18378,47.1,22190
화공,2016(누적),전체,59209,44950,13359,29.7,21115,19332,7881,40.8,11693
화공,2017,전체,6298,4915,2410,49,3116,2956,2036,68.9,2036
화공,2017,여자,2167,1741,747,42.9,982,935,629,67.3,629
화공,2018,전체,6480,4986,2481,49.8,3316,3183,2022,63.5,2022
화공,2018,여자,2339,1831,809,44.2,1043,1014,660,65.1,660
화공,2019,전체,8294,6370,3039,47.7,3815,3667,2835,77.3,2835
화공,2019,여자,3163,2550,1164,45.6,1427,1381,1091,79,1091
화공,2020,전체,9403,7503,3367,44.9,5331,5064,1914,37.8,1914
화공,2020,여자,3975,3257,1373,42.2,2180,2084,822,39.4,822
화공,2021,전체,9288,6988,2544,36.4,5086,4833,1690,35,1690
화공,2021,여자,4018,3124,1021,32.7,2023,1943,740,38.1,740
공업화학,전체,전체,10503,7307,1007,13.8,990,876,162,18.5,0
공업화학,2016(누적),전체,10503,7307,1007,13.8,990,876,162,18.5,0
화약류제조,전체,전체,3073,2333,741,31.8,1036,955,468,49,492
화약류제조,2016(누적),전체,2572,1909,601,31.5,872,794,358,45.1,382
화약류제조,2017,전체,104,92,30,32.6,33,32,11,34.4,11
화약류제조,2017,여자,9,9,3,33.3,4,4,1,25,1
화약류제조,2018,전체,87,72,18,25,33,32,24,75,24
화약류제조,2018,여자,8,6,3,50,5,5,4,80,4
화약류제조,2019,전체,108,88,30,34.1,34,33,30,90.9,30
화약류제조,2019,여자,12,8,3,37.5,2,2,2,100,2
화약류제조,2020,전체,108,96,36,37.5,34,34,29,85.3,29
화약류제조,2020,여자,12,10,6,60,7,7,5,71.4,5
화약류제조,2021,전체,94,76,26,34.2,30,30,16,53.3,16
화약류제조,2021,여자,11,8,4,50,5,5,2,40,2
화학분석,전체,전체,54752,42276,17805,42.1,25660,23981,9160,38.2,9159
화학분석,2016(누적),전체,21044,16110,6099,37.9,8083,7479,2506,33.5,2506
화학분석,2017,전체,5190,4072,2344,57.6,2845,2690,1579,58.7,1579
화학분석,2017,여자,3052,2463,1418,57.6,1776,1687,1018,60.3,1018
화학분석,2018,전체,5565,4425,2401,54.3,2987,2856,1081,37.9,1081
화학분석,2018,여자,3346,2686,1464,54.5,1821,1752,703,40.1,704
화학분석,2019,전체,8675,6845,3881,56.7,5331,5063,2714,53.6,2714
화학분석,2019,여자,5344,4268,2389,56,3286,3140,1769,56.3,1769
화학분석,2020,전체,5320,4136,1220,29.5,3074,2763,499,18.1,499
화학분석,2020,여자,3356,2628,736,28,1862,1699,339,20,339
화학분석,2021,전체,8958,6688,1860,27.8,3340,3130,781,25,780
화학분석,2021,여자,5593,4271,1169,27.4,2089,1963,559,28.5,558
바이오화학제품제조,전체,전체,1894,1566,757,48.3,700,669,534,79.8,1246
바이오화학제품제조,2016(누적),전체,0,0,0,0,0,0,0,0,494
바이오화학제품제조,2017,전체,0,0,0,0,0,0,0,0,78
바이오화학제품제조,2017,여자,0,0,0,0,0,0,0,0,37
바이오화학제품제조,2018,전체,0,0,0,0,0,0,0,0,140
바이오화학제품제조,2018,여자,0,0,0,0,0,0,0,0,51
바이오화학제품제조,2019,전체,546,462,273,59.1,282,271,216,79.7,216
바이오화학제품제조,2019,여자,266,235,125,53.2,134,130,103,79.2,104
바이오화학제품제조,2020,전체,464,382,129,33.8,103,98,82,83.7,82
바이오화학제품제조,2020,여자,265,220,59,26.8,56,54,45,83.3,45
바이오화학제품제조,2021,전체,884,722,355,49.2,315,300,236,78.7,236
바이오화학제품제조,2021,여자,538,454,213,46.9,188,181,143,79,143
생물공학,전체,전체,4010,3199,1033,32.3,1143,1101,712,64.7,0
생물공학,2016(누적),전체,3299,2635,742,28.2,854,816,494,60.5,0
생물공학,2017,전체,308,241,115,47.7,114,113,78,69,0
생물공학,2017,여자,161,126,56,44.4,57,57,37,64.9,0
생물공학,2018,전체,403,323,176,54.5,175,172,140,81.4,0
생물공학,2018,여자,194,154,76,49.4,73,71,51,71.8,0
섬유분야,전체,전체,6145,5053,2449,48.5,3058,2765,874,31.6,2186
섬유분야,2016(누적),전체,5570,4568,2256,49.4,2757,2485,770,31,2082
섬유분야,2017,전체,149,122,57,46.7,78,73,27,37,27
섬유분야,2017,여자,111,94,50,53.2,68,63,22,34.9,22
섬유분야,2018,전체,117,101,27,26.7,60,59,26,44.1,26
섬유분야,2018,여자,80,71,22,31,54,53,22,41.5,22
섬유분야,2019,전체,107,87,51,58.6,61,57,24,42.1,24
섬유분야,2019,여자,81,67,45,67.2,54,50,21,42,21
섬유분야,2020,전체,95,82,24,29.3,45,41,3,7.3,3
섬유분야,2020,여자,69,58,19,32.8,36,32,3,9.4,3
섬유분야,2021,전체,107,93,34,36.6,57,50,24,48,24
섬유분야,2021,여자,73,64,33,51.6,49,43,20,46.5,20
섬유1급,전체,전체,0,0,0,0,0,0,0,0,1201
섬유1급,2016(누적),전체,0,0,0,0,0,0,0,0,1201
방직,전체,전체,428,331,108,32.6,129,123,58,47.2,0
방직,2016(누적),전체,428,331,108,32.6,129,123,58,47.2,0
섬유기계,전체,전체,0,0,0,0,1,1,1,100,67
섬유기계,2016(누적),전체,0,0,0,0,1,1,1,100,67
염색가공,전체,전체,624,492,158,32.1,210,190,82,43.2,112
염색가공,2016(누적),전체,624,492,158,32.1,210,190,82,43.2,112
방사,전체,전체,271,204,96,47.1,120,110,38,34.5,37
방사,2016(누적),전체,271,204,96,47.1,120,110,38,34.5,37
섬유물리,전체,전체,28,24,7,29.2,12,11,4,36.4,0
섬유물리,2016(누적),전체,28,24,7,29.2,12,11,4,36.4,0
섬유화학,전체,전체,83,64,13,20.3,12,12,9,75,0
섬유화학,2016(누적),전체,83,64,13,20.3,12,12,9,75,0
섬유,전체,전체,339,273,35,12.8,37,37,31,83.8,101
섬유,2016(누적),전체,149,123,19,15.4,18,18,16,88.9,86
섬유,2017,전체,52,38,6,15.8,8,8,7,87.5,7
섬유,2017,여자,23,18,2,11.1,2,2,2,100,2
섬유,2018,전체,46,38,4,10.5,3,3,3,100,3
섬유,2018,여자,16,14,0,0,0,0,0,0,0
섬유,2019,전체,27,20,2,10,3,3,3,100,3
섬유,2019,여자,9,6,0,0,0,0,0,0,0
섬유,2020,전체,31,25,2,8,2,2,0,0,0
섬유,2020,여자,12,8,0,0,0,0,0,0,0
섬유,2021,전체,34,29,2,6.9,3,3,2,66.7,2
섬유,2021,여자,12,11,2,18.2,2,2,1,50,1
생사,전체,전체,16,9,3,33.3,0,0,0,0,17
생사,2016(누적),전체,16,9,3,33.3,0,0,0,0,17
의류,전체,전체,4356,3656,2029,55.5,2537,2281,651,28.5,651
의류,2016(누적),전체,3971,3321,1852,55.8,2255,2020,562,27.8,562
의류,2017,전체,97,84,51,60.7,70,65,20,30.8,20
의류,2017,여자,88,76,48,63.2,66,61,20,32.8,20
의류,2018,전체,71,63,23,36.5,57,56,23,41.1,23
의류,2018,여자,64,57,22,38.6,54,53,22,41.5,22
의류,2019,전체,80,67,49,73.1,58,54,21,38.9,21
의류,2019,여자,72,61,45,73.8,54,50,21,42,21
의류,2020,전체,64,57,22,38.6,43,39,3,7.7,3
의류,2020,여자,57,50,19,38,36,32,3,9.4,3
의류,2021,전체,73,64,32,50,54,47,22,46.8,22
의류,2021,여자,61,53,31,58.5,47,41,19,46.3,19
전기분야,전체,전체,1825994,1325368,364261,27.5,861515,724744,210062,29,222457
전기분야,2016(누적),전체,1406005,1010227,269508,26.7,635020,526366,151424,28.8,163819
전기분야,2017,전체,72329,54394,15491,28.5,35072,30828,11562,37.5,11562
전기분야,2017,여자,5040,3951,1305,33,2842,2524,907,35.9,907
전기분야,2018,전체,73382,54676,15878,29,40392,35618,6649,18.7,6649
전기분야,2018,여자,5712,4420,1581,35.8,3688,3273,586,17.9,586
전기분야,2019,전체,83405,62479,19898,31.8,43518,37981,14733,38.8,14733
전기분야,2019,여자,6791,5302,2057,38.8,4175,3669,1507,41.1,1507
전기분야,2020,전체,83475,65584,21019,32,56984,49241,11135,22.6,11135
전기분야,2020,여자,7904,6358,2516,39.6,6265,5372,1374,25.6,1374
전기분야,2021,전체,107398,78008,22467,28.8,50529,44710,14559,32.6,14559
전기분야,2021,여자,10989,8524,3282,38.5,6373,5673,2106,37.1,2106
전기,전체,전체,1172458,861967,207177,24,530172,452680,119225,26.3,127012
전기,2016(누적),전체,833351,607252,140170,23.1,344715,288814,75529,26.2,83316
전기,2017,전체,56784,43104,10831,25.1,28603,25309,9457,37.4,9457
전기,2017,여자,3943,3139,973,31,2432,2178,786,36.1,786
전기,2018,전체,59840,44920,12329,27.4,34561,30849,4412,14.3,4412
전기,2018,여자,4626,3623,1257,34.7,3231,2898,423,14.6,423
전기,2019,전체,65872,49815,14512,29.1,35745,31476,12760,40.5,12760
전기,2019,여자,5301,4197,1548,36.9,3493,3124,1362,43.6,1362
전기,2020,전체,72023,56376,15970,28.3,48413,42416,7151,16.9,7151
전기,2020,여자,6602,5292,1875,35.4,5303,4641,963,20.7,963
전기,2021,전체,84588,60500,13365,22.1,38135,33816,9916,29.3,9916
전기,2021,여자,7849,5935,1743,29.4,4326,3867,1295,33.5,1295
전기공사,전체,전체,627972,445307,151673,34.1,323110,264549,86673,32.8,91235
전기공사,2016(누적),전체,549836,386947,124671,32.2,283022,230945,72273,31.3,76835
전기공사,2017,전체,14798,10743,4503,41.9,6236,5287,1974,37.3,1974
전기공사,2017,여자,1044,771,313,40.6,385,321,103,32.1,103
전기공사,2018,전체,13103,9430,3462,36.7,5713,4655,2162,46.4,2162
전기공사,2018,여자,1050,769,315,41,446,364,154,42.3,154
전기공사,2019,전체,17009,12263,5227,42.6,7596,6338,1852,29.2,1852
전기공사,2019,여자,1455,1082,499,46.1,670,533,137,25.7,137
전기공사,2020,전체,11054,8869,4904,55.3,8401,6666,3904,58.6,3904
전기공사,2020,여자,1269,1039,628,60.4,949,719,404,56.2,404
전기공사,2021,전체,22172,17055,8906,52.2,12142,10658,4508,42.3,4508
전기공사,2021,여자,3081,2543,1515,59.6,2020,1781,792,44.5,792
철도신호,전체,전체,9952,7253,1881,25.9,2930,2850,1535,53.9,1538
철도신호,2016(누적),전체,8304,5999,1429,23.8,2324,2255,1183,52.5,1186
철도신호,2017,전체,440,321,103,32.1,163,162,92,56.8,92
철도신호,2017,여자,42,34,16,47.1,21,21,14,66.7,14
철도신호,2018,전체,272,207,44,21.3,73,71,39,54.9,39
철도신호,2018,여자,25,20,4,20,9,9,7,77.8,7
철도신호,2019,전체,343,253,103,40.7,119,117,98,83.8,98
철도신호,2019,여자,27,17,8,47.1,9,9,8,88.9,8
철도신호,2020,전체,271,230,105,45.7,109,105,51,48.6,51
철도신호,2020,여자,29,23,11,47.8,9,9,6,66.7,6
철도신호,2021,전체,322,243,97,39.9,142,140,72,51.4,72
철도신호,2021,여자,33,29,16,55.2,17,17,13,76.5,13
전기철도,전체,전체,15612,10841,3530,32.6,5303,4665,2629,56.4,2672
전기철도,2016(누적),전체,14514,10029,3238,32.3,4959,4352,2439,56,2482
전기철도,2017,전체,307,226,54,23.9,70,70,39,55.7,39
전기철도,2017,여자,11,7,3,42.9,4,4,4,100,4
전기철도,2018,전체,167,119,43,36.1,45,43,36,83.7,36
전기철도,2018,여자,11,8,5,62.5,2,2,2,100,2
전기철도,2019,전체,181,148,56,37.8,58,50,23,46,23
전기철도,2019,여자,8,6,2,33.3,3,3,0,0,0
전기철도,2020,전체,127,109,40,36.7,61,54,29,53.7,29
전기철도,2020,여자,4,4,2,50,4,3,1,33.3,1
전기철도,2021,전체,316,210,99,47.1,110,96,63,65.6,63
전기철도,2021,여자,26,17,8,47.1,10,8,6,75,6
전자분야,전체,전체,91680,66960,24537,36.6,31899,27371,10598,38.7,15057
전자분야,2016(누적),전체,79386,58474,20859,35.7,26195,22358,8474,37.9,12933
전자분야,2017,전체,2664,1827,627,34.3,1064,966,337,34.9,337
전자분야,2017,여자,408,292,108,37,201,187,47,25.1,47
전자분야,2018,전체,2385,1605,730,45.5,1086,955,324,33.9,324
전자분야,2018,여자,379,275,151,54.9,243,209,52,24.9,52
전자분야,2019,전체,2571,1742,748,42.9,1177,1051,389,37,389
전자분야,2019,여자,423,323,150,46.4,271,247,84,34,84
전자분야,2020,전체,2103,1484,748,50.4,1265,1093,551,50.4,551
전자분야,2020,여자,450,355,205,57.7,342,297,157,52.9,157
전자분야,2021,전체,2571,1828,825,45.1,1112,948,523,55.2,523
전자분야,2021,여자,623,482,223,46.3,293,251,143,57,143
임베디드,전체,전체,1656,1108,442,39.9,542,474,137,28.9,137
임베디드,2016(누적),전체,983,654,220,33.6,245,210,62,29.5,62
임베디드,2017,전체,193,128,41,32,59,50,25,50,25
임베디드,2017,여자,27,11,1,9.1,1,0,0,0,0
임베디드,2018,전체,166,113,68,60.2,68,60,17,28.3,17
임베디드,2018,여자,14,8,5,62.5,5,5,1,20,1
임베디드,2019,전체,155,101,55,54.5,75,69,1,1.4,1
임베디드,2019,여자,15,8,1,12.5,3,2,0,0,0
임베디드,2020,전체,50,32,21,65.6,48,43,22,51.2,22
임베디드,2020,여자,4,3,2,66.7,2,2,0,0,0
임베디드,2021,전체,109,80,37,46.3,47,42,10,23.8,10
임베디드,2021,여자,11,7,3,42.9,2,2,1,50,1
전자,전체,전체,53573,37110,9957,26.8,10187,9078,4274,47.1,8635
전자,2016(누적),전체,48135,34042,9153,26.9,9053,8095,3769,46.6,8130
전자,2017,전체,1196,679,160,23.6,238,226,122,54,122
전자,2017,여자,137,78,25,32.1,32,31,17,54.8,17
전자,2018,전체,1082,575,141,24.5,213,198,100,50.5,100
전자,2018,여자,122,72,19,26.4,36,31,16,51.6,16
전자,2019,전체,1219,701,185,26.4,202,176,108,61.4,108
전자,2019,여자,143,92,27,29.3,29,27,17,63,17
전자,2020,전체,979,552,156,28.3,254,216,112,51.9,112
전자,2020,여자,135,83,22,26.5,35,30,17,56.7,17
전자,2021,전체,962,561,162,28.9,227,167,63,37.7,63
전자,2021,여자,186,121,32,26.4,30,22,8,36.4,8
반도체설계,전체,전체,1293,879,302,34.4,358,267,116,43.4,116
반도체설계,2016(누적),전체,1145,785,258,32.9,299,220,93,42.3,93
반도체설계,2017,전체,27,17,5,29.4,8,4,1,25,1
반도체설계,2017,여자,3,2,0,0,0,0,0,0,0
반도체설계,2018,전체,45,29,14,48.3,17,14,4,28.6,4
반도체설계,2018,여자,2,1,1,100,1,1,1,100,1
반도체설계,2019,전체,26,14,11,78.6,12,11,6,54.5,6
반도체설계,2019,여자,2,1,0,0,0,0,0,0,0
반도체설계,2020,전체,16,12,8,66.7,11,10,6,60,6
반도체설계,2020,여자,2,2,1,50,1,1,1,100,1
반도체설계,2021,전체,34,22,6,27.3,11,8,6,75,6
반도체설계,2021,여자,4,3,1,33.3,1,1,1,100,1
의공,전체,전체,10660,8955,4817,53.8,8498,7205,2104,29.2,2104
의공,2016(누적),전체,6816,5702,3004,52.7,5162,4280,1051,24.6,1051
의공,2017,전체,775,646,272,42.1,588,523,93,17.8,93
의공,2017,여자,191,165,68,41.2,154,142,20,14.1,20
의공,2018,전체,760,645,401,62.2,679,581,121,20.8,121
의공,2018,여자,199,162,111,68.5,187,159,24,15.1,24
의공,2019,전체,689,582,319,54.8,710,628,193,30.7,193
의공,2019,여자,198,173,100,57.8,217,197,58,29.4,58
의공,2020,전체,693,606,408,67.3,767,667,329,49.3,329
의공,2020,여자,246,221,156,70.6,278,245,127,51.8,127
의공,2021,전체,927,774,413,53.4,592,526,317,60.3,317
의공,2021,여자,343,290,161,55.5,234,204,117,57.4,117
로봇기구개발,전체,전체,70,59,18,30.5,16,14,2,14.3,2
로봇기구개발,2019,전체,20,16,3,18.8,0,0,0,0,0
로봇기구개발,2019,여자,2,1,0,0,0,0,0,0,0
로봇기구개발,2020,전체,15,14,5,35.7,5,4,1,25,1
로봇기구개발,2020,여자,1,1,0,0,0,0,0,0,0
로봇기구개발,2021,전체,35,29,10,34.5,11,10,1,10,1
로봇기구개발,2021,여자,1,1,0,0,0,0,0,0,0
로봇소프트웨어개발,전체,전체,72,48,20,41.7,16,14,7,50,7
로봇소프트웨어개발,2019,전체,12,7,2,28.6,0,0,0,0,0
로봇소프트웨어개발,2019,여자,1,1,0,0,0,0,0,0,0
로봇소프트웨어개발,2020,전체,16,13,6,46.2,6,5,1,20,1
로봇소프트웨어개발,2020,여자,3,2,1,50,0,0,0,0,0
로봇소프트웨어개발,2021,전체,44,28,12,42.9,10,9,6,66.7,6
로봇소프트웨어개발,2021,여자,7,4,2,50,1,1,0,0,0
로봇하드웨어개발,전체,전체,34,28,9,32.1,9,8,1,12.5,1
로봇하드웨어개발,2019,전체,10,9,1,11.1,0,0,0,0,0
로봇하드웨어개발,2019,여자,2,2,0,0,0,0,0,0,0
로봇하드웨어개발,2020,전체,7,5,1,20,1,1,0,0,0
로봇하드웨어개발,2020,여자,1,1,0,0,0,0,0,0,0
로봇하드웨어개발,2021,전체,17,14,7,50,8,7,1,14.3,1
로봇하드웨어개발,2021,여자,1,1,0,0,0,0,0,0,0
전자계산기,전체,전체,19837,15304,8024,52.4,11232,9304,3365,36.2,3366
전자계산기,2016(누적),전체,18420,14348,7556,52.7,10676,8823,3140,35.6,3141
전자계산기,2017,전체,362,261,106,40.6,126,119,61,51.3,61
전자계산기,2017,여자,34,23,9,39.1,9,9,6,66.7,6
전자계산기,2018,전체,215,141,66,46.8,73,66,48,72.7,48
전자계산기,2018,여자,21,13,7,53.8,8,7,4,57.1,4
전자계산기,2019,전체,324,211,113,53.6,121,110,28,25.5,28
전자계산기,2019,여자,38,24,14,58.3,13,12,0,0,0
전자계산기,2020,전체,210,139,71,51.1,99,74,20,27,20
전자계산기,2020,여자,37,21,10,47.6,13,7,2,28.6,2
전자계산기,2021,전체,306,204,112,54.9,137,112,68,60.7,68
전자계산기,2021,여자,33,23,9,39.1,11,8,6,75,6
광학,전체,전체,2221,1948,744,38.2,822,802,544,67.8,544
광학,2016(누적),전체,1623,1422,464,32.6,541,525,311,59.2,311
광학,2017,전체,111,96,43,44.8,45,44,35,79.5,35
광학,2017,여자,16,13,5,38.5,5,5,4,80,4
광학,2018,전체,117,102,40,39.2,36,36,34,94.4,34
광학,2018,여자,21,19,8,42.1,6,6,6,100,6
광학,2019,전체,116,101,59,58.4,57,57,53,93,53
광학,2019,여자,22,21,8,38.1,9,9,9,100,9
광학,2020,전체,117,111,72,64.9,74,73,60,82.2,60
광학,2020,여자,21,21,13,61.9,13,12,10,83.3,10
광학,2021,전체,137,116,66,56.9,69,67,51,76.1,51
광학,2021,여자,37,32,15,46.9,14,13,10,76.9,10
공업계측제어,전체,전체,2264,1521,204,13.4,219,205,48,23.4,145
공업계측제어,2016(누적),전체,2264,1521,204,13.4,219,205,48,23.4,145
정보기술분야,전체,전체,2732145,1953751,933726,47.8,1579872,1289898,658414,51,661717
정보기술분야,2016(누적),전체,2307561,1654001,780861,47.2,1286018,1062305,581780,54.8,585083
정보기술분야,2017,전체,81398,56181,23410,41.7,41972,32580,8264,25.4,8264
정보기술분야,2017,여자,20325,14697,6618,45,11787,9359,2218,23.7,2218
정보기술분야,2018,전체,78225,53576,25892,48.3,49150,37994,17717,46.6,17717
정보기술분야,2018,여자,20495,14709,7719,52.5,14565,11525,5526,47.9,5527
정보기술분야,2019,전체,87742,61930,33939,54.8,61489,48436,23179,47.9,23179
정보기술분야,2019,여자,25016,18644,10883,58.4,19298,15668,7881,50.3,7881
정보기술분야,2020,전체,70414,52635,27352,52,60796,46432,7869,16.9,7869
정보기술분야,2020,여자,22439,17437,9908,56.8,21703,16641,2759,16.6,2759
정보기술분야,2021,전체,106805,75428,42272,56,80447,62151,19605,31.5,19605
정보기술분야,2021,여자,37642,27499,15915,57.9,29830,23403,7562,32.3,7562
정보처리,전체,전체,2551843,1828879,886464,48.5,1499748,1228009,644914,52.5,648215
정보처리,2016(누적),전체,2216904,1589638,755126,47.5,1243859,1029541,574576,55.8,577877
정보처리,2017,전체,68177,46812,19937,42.6,34831,27202,7452,27.4,7452
정보처리,2017,여자,18058,13060,6021,46.1,10679,8533,2107,24.7,2107
정보처리,2018,전체,65618,44665,22976,51.4,42647,33101,16727,50.5,16727
정보처리,2018,여자,18196,13094,7198,55,13493,10729,5372,50.1,5373
정보처리,2019,전체,74027,52845,30740,58.2,55349,43763,22495,51.4,22495
정보처리,2019,여자,22386,16884,10271,60.8,18225,14864,7758,52.2,7758
정보처리,2020,전체,55784,43279,24820,57.3,54225,41457,7341,17.7,7341
정보처리,2020,여자,19080,15235,9371,61.5,20446,15756,2682,17,2682
정보처리,2021,전체,71333,51640,32865,63.6,68837,52945,16323,30.8,16323
정보처리,2021,여자,25338,19100,12570,65.8,26242,20565,6488,31.5,6488
전자계산기조직응용,전체,전체,45932,34377,18272,53.2,26373,21028,7037,33.5,7039
전자계산기조직응용,2016(누적),전체,41781,31275,16442,52.6,23989,19022,5885,30.9,5887
전자계산기조직응용,2017,전체,686,540,268,49.6,306,256,181,70.7,181
전자계산기조직응용,2017,여자,106,85,56,65.9,50,41,29,70.7,29
전자계산기조직응용,2018,전체,634,468,268,57.3,274,243,185,76.1,185
전자계산기조직응용,2018,여자,99,82,58,70.7,52,46,38,82.6,38
전자계산기조직응용,2019,전체,797,592,388,65.5,384,337,223,66.2,223
전자계산기조직응용,2019,여자,137,116,86,74.1,79,73,49,67.1,49
전자계산기조직응용,2020,전체,1063,791,446,56.4,735,603,180,29.9,180
전자계산기조직응용,2020,여자,205,157,87,55.4,139,112,30,26.8,30
전자계산기조직응용,2021,전체,971,711,460,64.7,685,567,383,67.5,383
전자계산기조직응용,2021,여자,230,172,130,75.6,177,148,110,74.3,110
빅데이터분석,전체,전체,22370,14920,6520,43.7,5534,4683,2823,60.3,2823
빅데이터분석,2021,전체,22370,14920,6520,43.7,5534,4683,2823,60.3,2823
빅데이터분석,2021,여자,9032,6160,2624,42.6,2182,1806,949,52.5,949
정보보안,전체,전체,112000,75575,22470,29.7,48217,36178,3640,10.1,3640
정보보안,2016(누적),전체,48876,33088,9293,28.1,18170,13742,1319,9.6,1319
정보보안,2017,전체,12535,8829,3205,36.3,6835,5122,631,12.3,631
정보보안,2017,여자,2161,1552,541,34.9,1058,785,82,10.4,82
정보보안,2018,전체,11973,8443,2648,31.4,6229,4650,805,17.3,805
정보보안,2018,여자,2200,1533,463,30.2,1020,750,116,15.5,116
정보보안,2019,전체,12918,8493,2811,33.1,5756,4336,461,10.6,461
정보보안,2019,여자,2493,1644,526,32,994,731,74,10.1,74
정보보안,2020,전체,13567,8565,2086,24.4,5836,4372,348,8,348
정보보안,2020,여자,3154,2045,450,22,1118,773,47,6.1,47
정보보안,2021,전체,12131,8157,2427,29.8,5391,3956,76,1.9,76
정보보안,2021,여자,3042,2067,591,28.6,1229,884,15,1.7,15
방송.무선분야,전체,전체,244826,179535,56188,31.3,81906,73088,38878,53.2,39491
방송.무선분야,2016(누적),전체,231475,169005,51262,30.3,76046,67467,34561,51.2,35174
방송.무선분야,2017,전체,3013,2395,992,41.4,1241,1187,880,74.1,880
방송.무선분야,2017,여자,516,422,192,45.5,229,220,170,77.3,170
방송.무선분야,2018,전체,2681,2109,1147,54.4,1326,1281,1035,80.8,1035
방송.무선분야,2018,여자,504,414,241,58.2,291,280,233,83.2,233
방송.무선분야,2019,전체,2853,2289,1141,49.8,1312,1253,984,78.5,984
방송.무선분야,2019,여자,599,495,265,53.5,286,282,241,85.5,241
방송.무선분야,2020,전체,2659,2101,1002,47.7,1153,1104,870,78.8,870
방송.무선분야,2020,여자,619,495,238,48.1,264,259,224,86.5,224
방송.무선분야,2021,전체,2145,1636,644,39.4,828,796,548,68.8,548
방송.무선분야,2021,여자,463,345,152,44.1,175,173,125,72.3,125
방송통신,전체,전체,3559,2637,1252,47.5,1463,1303,862,66.2,862
방송통신,2016(누적),전체,2331,1636,681,41.6,850,718,366,51,366
방송통신,2017,전체,217,181,113,62.4,114,110,95,86.4,95
방송통신,2017,여자,23,15,12,80,12,11,9,81.8,9
방송통신,2018,전체,312,266,169,63.5,188,179,156,87.2,156
방송통신,2018,여자,37,34,23,67.6,24,21,20,95.2,20
방송통신,2019,전체,186,141,67,47.5,70,67,50,74.6,50
방송통신,2019,여자,23,19,13,68.4,13,12,10,83.3,10
방송통신,2020,전체,201,167,105,62.9,124,117,89,76.1,89
방송통신,2020,여자,26,21,15,71.4,18,18,17,94.4,17
방송통신,2021,전체,312,246,117,47.6,117,112,106,94.6,106
방송통신,2021,여자,62,48,23,47.9,17,17,15,88.2,15
무선설비,전체,전체,195191,143299,48146,33.6,68964,61638,36626,59.4,38629
무선설비,2016(누적),전체,183068,133770,43791,32.7,63717,56602,32805,58,34808
무선설비,2017,전체,2796,2214,879,39.7,1127,1077,785,72.9,785
무선설비,2017,여자,493,407,180,44.2,217,209,161,77,161
무선설비,2018,전체,2369,1843,978,53.1,1138,1102,879,79.8,879
무선설비,2018,여자,467,380,218,57.4,267,259,213,82.2,213
무선설비,2019,전체,2667,2148,1074,50,1242,1186,934,78.8,934
무선설비,2019,여자,576,476,252,52.9,273,270,231,85.6,231
무선설비,2020,전체,2458,1934,897,46.4,1029,987,781,79.1,781
무선설비,2020,여자,593,474,223,47,246,241,207,85.9,207
무선설비,2021,전체,1833,1390,527,37.9,711,684,442,64.6,442
무선설비,2021,여자,401,297,129,43.4,158,156,110,70.5,110
유선설비1급,전체,전체,46076,33599,6790,20.2,11479,10147,1390,13.7,0
유선설비1급,2016(누적),전체,46076,33599,6790,20.2,11479,10147,1390,13.7,0
통신분야,전체,전체,224232,159574,56322,35.3,96629,79474,26147,32.9,21374
통신분야,2016(누적),전체,204268,144698,48459,33.5,83006,68203,21088,30.9,16315
통신분야,2017,전체,3079,2257,1157,51.3,2181,1762,813,46.1,813
통신분야,2017,여자,506,378,216,57.1,385,325,147,45.2,147
통신분야,2018,전체,3304,2449,1480,60.4,2276,1876,1107,59,1107
통신분야,2018,여자,549,426,278,65.3,439,362,221,61,221
통신분야,2019,전체,4167,3209,1558,48.6,2811,2355,1082,45.9,1082
통신분야,2019,여자,866,667,340,51,568,487,219,45,219
통신분야,2020,전체,4157,3095,1576,50.9,2687,2202,1297,58.9,1297
통신분야,2020,여자,849,655,368,56.2,625,504,329,65.3,329
통신분야,2021,전체,5257,3866,2092,54.1,3668,3076,760,24.7,760
통신분야,2021,여자,1190,907,530,58.4,900,754,188,24.9,188
전파통신,전체,전체,6012,4440,1085,24.4,1475,1307,794,60.7,1250
전파통신,2016(누적),전체,6012,4440,1085,24.4,1475,1307,794,60.7,1250
전파전자,전체,전체,896,631,181,28.7,210,196,153,78.1,152
전파전자,2016(누적),전체,896,631,181,28.7,210,196,153,78.1,152
정보통신,전체,전체,215497,153105,54423,35.5,94252,77297,24667,31.9,19439
정보통신,2016(누적),전체,196692,139105,47010,33.8,81146,66531,19986,30,14758
정보통신,2017,전체,2823,2066,1053,51,2074,1656,726,43.8,726
정보통신,2017,여자,487,362,202,55.8,370,310,135,43.5,135
정보통신,2018,전체,3065,2281,1386,60.8,2166,1771,1039,58.7,1039
정보통신,2018,여자,531,412,269,65.3,429,352,214,60.8,214
정보통신,2019,전체,3917,2999,1442,48.1,2687,2232,985,44.1,985
정보통신,2019,여자,847,648,325,50.2,554,473,207,43.8,207
정보통신,2020,전체,3931,2928,1494,51,2584,2101,1217,57.9,1217
정보통신,2020,여자,832,640,360,56.3,614,493,320,64.9,320
정보통신,2021,전체,5069,3726,2038,54.7,3595,3006,714,23.8,714
정보통신,2021,여자,1170,890,523,58.8,893,747,181,24.2,181
전파전자통신,전체,전체,1827,1398,633,45.3,692,674,533,79.1,533
전파전자통신,2016(누적),전체,668,522,183,35.1,175,169,155,91.7,155
전파전자통신,2017,전체,256,191,104,54.5,107,106,87,82.1,87
전파전자통신,2017,여자,19,16,14,87.5,15,15,12,80,12
전파전자통신,2018,전체,239,168,94,56,110,105,68,64.8,68
전파전자통신,2018,여자,18,14,9,64.3,10,10,7,70,7
전파전자통신,2019,전체,250,210,116,55.2,124,123,97,78.9,97
전파전자통신,2019,여자,19,19,15,78.9,14,14,12,85.7,12
전파전자통신,2020,전체,226,167,82,49.1,103,101,80,79.2,80
전파전자통신,2020,여자,17,15,8,53.3,11,11,9,81.8,9
전파전자통신,2021,전체,188,140,54,38.6,73,70,46,65.7,46
전파전자통신,2021,여자,20,17,7,41.2,7,7,7,100,7
식품분야,전체,전체,158424,125521,46967,37.4,80690,71566,22465,31.4,25294
식품분야,2016(누적),전체,113307,88793,29864,33.6,46986,42241,15120,35.8,17949
식품분야,2017,전체,8434,6901,2417,35,5038,4745,1016,21.4,1016
식품분야,2017,여자,5938,4898,1689,34.5,3551,3342,703,21,703
식품분야,2018,전체,8465,6820,3112,45.6,5062,4748,2178,45.9,2178
식품분야,2018,여자,5684,4609,2087,45.3,3480,3271,1494,45.7,1494
식품분야,2019,전체,9024,7410,3544,47.8,5868,5557,2018,36.3,2018
식품분야,2019,여자,6069,5051,2475,49,4085,3890,1396,35.9,1396
식품분야,2020,전체,9359,7938,4297,54.1,9065,7185,820,11.4,820
식품분야,2020,여자,6557,5586,3072,55,6537,5202,531,10.2,531
식품분야,2021,전체,9835,7659,3733,48.7,8671,7090,1313,18.5,1313
식품분야,2021,여자,6969,5462,2708,49.6,6245,5095,887,17.4,887
식품,전체,전체,153244,121382,45072,37.1,78718,69828,21476,30.8,23751
식품,2016(누적),전체,108906,85295,28330,33.2,45296,40770,14302,35.1,16577
식품,2017,전체,8394,6869,2396,34.9,5013,4721,1013,21.5,1013
식품,2017,여자,5916,4880,1675,34.3,3535,3326,702,21.1,702
식품,2018,전체,8174,6580,2952,44.9,5045,4735,2174,45.9,2174
식품,2018,여자,5592,4528,2035,44.9,3470,3264,1492,45.7,1492
식품,2019,전체,8824,7245,3463,47.8,5741,5434,1938,35.7,1938
식품,2019,여자,6011,5002,2449,49,4047,3854,1369,35.5,1369
식품,2020,전체,9280,7874,4258,54.1,9013,7136,785,11,785
식품,2020,여자,6532,5567,3060,55,6521,5186,518,10,518
식품,2021,전체,9666,7519,3673,48.8,8610,7032,1264,18,1264
식품,2021,여자,6920,5422,2689,49.6,6226,5078,873,17.2,873
수산제조,전체,전체,4579,3639,1607,44.2,1780,1552,864,55.7,1418
수산제조,2016(누적),전체,4401,3498,1534,43.9,1690,1471,818,55.6,1372
수산제조,2017,전체,40,32,21,65.6,25,24,3,12.5,3
수산제조,2017,여자,22,18,14,77.8,16,16,1,6.3,1
수산제조,2018,전체,29,27,12,44.4,17,13,4,30.8,4
수산제조,2018,여자,14,13,6,46.2,10,7,2,28.6,2
수산제조,2019,전체,36,25,9,36,15,13,13,100,13
수산제조,2019,여자,16,10,3,30,7,5,5,100,5
수산제조,2020,전체,29,24,16,66.7,16,15,14,93.3,14
수산제조,2020,여자,15,12,7,58.3,6,6,6,100,6
수산제조,2021,전체,44,33,15,45.5,17,16,12,75,12
수산제조,2021,여자,22,17,10,58.8,11,10,8,80,8
식육가공,전체,전체,601,500,288,57.6,192,186,125,67.2,125
식육가공,2018,전체,262,213,148,69.5,0,0,0,0,0
식육가공,2018,여자,78,68,46,67.6,0,0,0,0,0
식육가공,2019,전체,164,140,72,51.4,112,110,67,60.9,67
식육가공,2019,여자,42,39,23,59,31,31,22,71,22
식육가공,2020,전체,50,40,23,57.5,36,34,21,61.8,21
식육가공,2020,여자,10,7,5,71.4,10,10,7,70,7
식육가공,2021,전체,125,107,45,42.1,44,42,37,88.1,37
식육가공,2021,여자,27,23,9,39.1,8,7,6,85.7,6
인쇄.사진분야,전체,전체,4042,3495,1128,32.3,1266,1247,899,72.1,899
인쇄.사진분야,2016(누적),전체,3774,3252,1022,31.4,1160,1142,807,70.7,807
인쇄.사진분야,2017,전체,68,65,38,58.5,38,38,30,78.9,30
인쇄.사진분야,2017,여자,12,11,11,100,9,9,8,88.9,8
인쇄.사진분야,2018,전체,61,55,10,18.2,16,16,12,75,12
인쇄.사진분야,2018,여자,11,11,0,0,0,0,0,0,0
인쇄.사진분야,2019,전체,38,33,11,33.3,13,13,13,100,13
인쇄.사진분야,2019,여자,12,10,5,50,5,5,5,100,5
인쇄.사진분야,2020,전체,53,49,30,61.2,22,22,21,95.5,21
인쇄.사진분야,2020,여자,23,22,13,59.1,6,6,6,100,6
인쇄.사진분야,2021,전체,48,41,17,41.5,17,16,16,100,16
인쇄.사진분야,2021,여자,15,14,6,42.9,7,7,7,100,7
인쇄,전체,전체,3268,2823,833,29.5,944,933,683,73.2,899
인쇄,2016(누적),전체,3000,2580,727,28.2,838,828,591,71.4,807
인쇄,2017,전체,68,65,38,58.5,38,38,30,78.9,30
인쇄,2017,여자,12,11,11,100,9,9,8,88.9,8
인쇄,2018,전체,61,55,10,18.2,16,16,12,75,12
인쇄,2018,여자,11,11,0,0,0,0,0,0,0
인쇄,2019,전체,38,33,11,33.3,13,13,13,100,13
인쇄,2019,여자,12,10,5,50,5,5,5,100,5
인쇄,2020,전체,53,49,30,61.2,22,22,21,95.5,21
인쇄,2020,여자,23,22,13,59.1,6,6,6,100,6
인쇄,2021,전체,48,41,17,41.5,17,16,16,100,16
인쇄,2021,여자,15,14,6,42.9,7,7,7,100,7
제판,전체,전체,774,672,295,43.9,322,314,216,68.8,0
제판,2016(누적),전체,774,672,295,43.9,322,314,216,68.8,0
농업분야,전체,전체,87455,68227,29630,43.4,59290,49643,14276,28.8,14595
농업분야,2016(누적),전체,65364,50988,20961,41.1,42025,34970,9717,27.8,10036
농업분야,2017,전체,4522,3565,1629,45.7,3187,2816,531,18.9,531
농업분야,2017,여자,2422,1969,949,48.2,1705,1546,330,21.3,330
농업분야,2018,전체,4612,3565,1397,39.2,3068,2693,943,35,943
농업분야,2018,여자,2522,1997,827,41.4,1690,1538,600,39,600
농업분야,2019,전체,4397,3457,1649,47.7,3333,2926,892,30.5,892
농업분야,2019,여자,2327,1878,927,49.4,1801,1615,549,34,549
농업분야,2020,전체,4073,3249,1969,60.6,3960,3134,991,31.6,991
농업분야,2020,여자,2220,1786,1144,64.1,2218,1814,584,32.2,584
농업분야,2021,전체,4487,3403,2025,59.5,3717,3104,1202,38.7,1202
농업분야,2021,여자,2422,1867,1183,63.4,2095,1781,718,40.3,718
종자,전체,전체,49500,38902,14537,37.4,27938,24486,7834,32,8103
종자,2016(누적),전체,37491,29341,9864,33.6,18254,16022,5273,32.9,5542
종자,2017,전체,2308,1885,831,44.1,1606,1523,385,25.3,385
종자,2017,여자,1226,1032,455,44.1,883,839,233,27.8,233
종자,2018,전체,2527,1997,724,36.3,1596,1486,544,36.6,544
종자,2018,여자,1365,1109,397,35.8,843,810,322,39.8,322
종자,2019,전체,2395,1927,895,46.4,1840,1683,436,25.9,436
종자,2019,여자,1240,1018,477,46.9,968,901,247,27.4,247
종자,2020,전체,2270,1833,1103,60.2,2340,1839,554,30.1,554
종자,2020,여자,1219,990,617,62.3,1311,1057,326,30.8,326
종자,2021,전체,2509,1919,1120,58.4,2302,1933,642,33.2,642
종자,2021,여자,1347,1039,622,59.9,1248,1057,385,36.4,385
화훼장식,전체,전체,6860,5923,4179,70.6,5693,5276,2045,38.8,2045
화훼장식,2016(누적),전체,4965,4310,2972,69,4110,3779,1407,37.2,1407
화훼장식,2017,전체,377,329,257,78.1,330,307,62,20.2,62
화훼장식,2017,여자,342,301,240,79.7,305,285,60,21.1,60
화훼장식,2018,전체,368,301,200,66.4,334,315,172,54.6,172
화훼장식,2018,여자,344,287,192,66.9,314,297,164,55.2,164
화훼장식,2019,전체,361,310,204,65.8,286,270,197,73,197
화훼장식,2019,여자,331,284,191,67.3,272,256,189,73.8,189
화훼장식,2020,전체,370,325,257,79.1,269,263,100,38,100
화훼장식,2020,여자,341,300,238,79.3,250,246,93,37.8,93
화훼장식,2021,전체,419,348,289,83,364,342,107,31.3,107
화훼장식,2021,여자,382,315,263,83.5,334,313,102,32.6,102
유기농업,전체,전체,28491,21420,10336,48.3,24745,19101,4232,22.2,4238
유기농업,2016(누적),전체,20765,15713,7665,48.8,18879,14510,2899,20,2905
유기농업,2017,전체,1763,1293,529,40.9,1235,974,83,8.5,83
유기농업,2017,여자,840,627,251,40,514,419,37,8.8,37
유기농업,2018,전체,1637,1206,454,37.6,1118,872,213,24.4,213
유기농업,2018,여자,788,580,230,39.7,526,424,108,25.5,108
유기농업,2019,전체,1576,1172,543,46.3,1197,963,254,26.4,254
유기농업,2019,여자,736,560,258,46.1,560,457,112,24.5,112
유기농업,2020,전체,1322,1003,574,57.2,1323,1006,336,33.4,336
유기농업,2020,여자,630,473,279,59,647,501,165,32.9,165
유기농업,2021,전체,1428,1033,571,55.3,993,776,447,57.6,447
유기농업,2021,여자,660,486,289,59.5,498,397,231,58.2,231
농화학,전체,전체,456,327,45,13.8,56,52,24,46.2,68
농화학,2016(누적),전체,456,327,45,13.8,56,52,24,46.2,68
시설원예,전체,전체,2148,1655,533,32.2,858,728,141,19.4,141
시설원예,2016(누적),전체,1687,1297,415,32,726,607,114,18.8,114
시설원예,2017,전체,74,58,12,20.7,16,12,1,8.3,1
시설원예,2017,여자,14,9,3,33.3,3,3,0,0,0
시설원예,2018,전체,80,61,19,31.1,20,20,14,70,14
시설원예,2018,여자,25,21,8,38.1,7,7,6,85.7,6
시설원예,2019,전체,65,48,7,14.6,10,10,5,50,5
시설원예,2019,여자,20,16,1,6.3,1,1,1,100,1
시설원예,2020,전체,111,88,35,39.8,28,26,1,3.8,1
시설원예,2020,여자,30,23,10,43.5,10,10,0,0,0
시설원예,2021,전체,131,103,45,43.7,58,53,6,11.3,6
시설원예,2021,여자,33,27,9,33.3,15,14,0,0,0
축산분야,전체,전체,33999,27397,10513,38.4,15596,14033,7565,53.9,7565
축산분야,2016(누적),전체,23875,19323,6626,34.3,9374,8372,4718,56.4,4718
축산분야,2017,전체,1784,1475,687,46.6,880,848,599,70.6,599
축산분야,2017,여자,612,526,283,53.8,353,342,251,73.4,251
축산분야,2018,전체,1660,1378,532,38.6,758,728,430,59.1,430
축산분야,2018,여자,568,491,200,40.7,258,252,168,66.7,168
축산분야,2019,전체,2247,1790,853,47.7,1040,994,784,78.9,784
축산분야,2019,여자,762,635,324,51,376,366,300,82,300
축산분야,2020,전체,1941,1563,859,55,1578,1380,376,27.2,376
축산분야,2020,여자,717,600,365,60.8,666,588,160,27.2,160
축산분야,2021,전체,2492,1868,956,51.2,1966,1711,658,38.5,658
축산분야,2021,여자,860,690,387,56.1,823,719,266,37,266
축산,전체,전체,33999,27397,10513,38.4,15596,14033,7565,53.9,7565
축산,2016(누적),전체,23875,19323,6626,34.3,9374,8372,4718,56.4,4718
축산,2017,전체,1784,1475,687,46.6,880,848,599,70.6,599
축산,2017,여자,612,526,283,53.8,353,342,251,73.4,251
축산,2018,전체,1660,1378,532,38.6,758,728,430,59.1,430
축산,2018,여자,568,491,200,40.7,258,252,168,66.7,168
축산,2019,전체,2247,1790,853,47.7,1040,994,784,78.9,784
축산,2019,여자,762,635,324,51,376,366,300,82,300
축산,2020,전체,1941,1563,859,55,1578,1380,376,27.2,376
축산,2020,여자,717,600,365,60.8,666,588,160,27.2,160
축산,2021,전체,2492,1868,956,51.2,1966,1711,658,38.5,658
축산,2021,여자,860,690,387,56.1,823,719,266,37,266
임업분야,전체,전체,181627,137834,46723,33.9,85163,76292,34651,45.4,34893
임업분야,2016(누적),전체,119840,90559,27451,30.3,54893,48599,18659,38.4,18901
임업분야,2017,전체,11240,8408,3506,41.7,6319,5746,2508,43.6,2508
임업분야,2017,여자,3741,2919,1288,44.1,2163,2013,955,47.4,955
임업분야,2018,전체,11509,8806,3111,35.3,5746,5170,2967,57.4,2967
임업분야,2018,여자,4038,3210,1188,37,2067,1882,1121,59.6,1121
임업분야,2019,전체,12442,9663,3873,40.1,6041,5533,3166,57.2,3166
임업분야,2019,여자,4638,3748,1548,41.3,2333,2186,1296,59.3,1296
임업분야,2020,전체,11988,9470,3857,40.7,5838,5341,3608,67.6,3608
임업분야,2020,여자,4571,3693,1538,41.6,2251,2076,1470,70.8,1470
임업분야,2021,전체,14608,10928,4925,45.1,6326,5903,3743,63.4,3743
임업분야,2021,여자,5546,4218,1993,47.2,2542,2396,1557,65,1557
식물보호,전체,전체,80336,60290,22063,36.6,38460,34574,15817,45.7,15819
식물보호,2016(누적),전체,51727,38139,12031,31.5,23030,20482,8000,39.1,8002
식물보호,2017,전체,5187,3957,1709,43.2,2747,2502,1006,40.2,1006
식물보호,2017,여자,2156,1700,776,45.6,1201,1111,483,43.5,483
식물보호,2018,전체,5271,4130,1527,37,2860,2578,1344,52.1,1344
식물보호,2018,여자,2309,1857,711,38.3,1291,1167,649,55.6,649
식물보호,2019,전체,5903,4605,1988,43.2,2972,2712,1611,59.4,1611
식물보호,2019,여자,2633,2116,913,43.1,1353,1249,760,60.8,760
식물보호,2020,전체,5722,4526,2090,46.2,3185,2892,1831,63.3,1831
식물보호,2020,여자,2567,2082,968,46.5,1422,1300,890,68.5,890
식물보호,2021,전체,6526,4933,2718,55.1,3666,3408,2025,59.4,2025
식물보호,2021,여자,2919,2224,1256,56.5,1678,1574,962,61.1,962
산림,전체,전체,86653,65851,20916,31.8,41365,36809,16273,44.2,17808
산림,2016(누적),전체,54692,41784,12226,29.3,27150,23814,8512,35.7,10047
산림,2017,전체,5782,4213,1686,40,3439,3118,1406,45.1,1406
산림,2017,여자,1511,1148,474,41.3,916,856,436,50.9,436
산림,2018,전체,5976,4451,1458,32.8,2752,2463,1527,62,1527
산림,2018,여자,1665,1294,434,33.5,726,669,435,65,435
산림,2019,전체,6328,4876,1794,36.8,2966,2721,1517,55.8,1517
산림,2019,여자,1944,1579,603,38.2,941,898,522,58.1,522
산림,2020,전체,6075,4778,1669,34.9,2530,2329,1685,72.3,1685
산림,2020,여자,1949,1560,534,34.2,784,732,548,74.9,548
산림,2021,전체,7800,5749,2083,36.2,2528,2364,1626,68.8,1626
산림,2021,여자,2538,1916,700,36.5,821,779,569,73,569
산림공학,전체,전체,272,205,55,26.8,71,58,30,51.7,0
산림공학,2016(누적),전체,272,205,55,26.8,71,58,30,51.7,0
산림경영,전체,전체,9149,7205,2184,30.3,3671,3308,1505,45.5,0
산림경영,2016(누적),전체,9149,7205,2184,30.3,3671,3308,1505,45.5,0
임업종묘,전체,전체,2613,2035,517,25.4,509,479,328,68.5,439
임업종묘,2016(누적),전체,2174,1686,401,23.8,403,378,231,61.1,342
임업종묘,2017,전체,59,46,13,28.3,15,13,12,92.3,12
임업종묘,2017,여자,9,6,3,50,3,3,3,100,3
임업종묘,2018,전체,89,64,15,23.4,12,11,11,100,11
임업종묘,2018,여자,8,4,1,25,0,0,0,0,0
임업종묘,2019,전체,77,60,14,23.3,12,12,12,100,12
임업종묘,2019,여자,13,9,2,22.2,2,2,2,100,2
임업종묘,2020,전체,74,65,24,36.9,25,24,23,95.8,23
임업종묘,2020,여자,13,12,6,50,7,6,5,83.3,5
임업종묘,2021,전체,140,114,50,43.9,42,41,39,95.1,39
임업종묘,2021,여자,30,24,12,50,10,10,10,100,10
임산가공,전체,전체,2604,2248,988,44,1087,1064,698,65.6,827
임산가공,2016(누적),전체,1826,1540,554,36,568,559,381,68.2,510
임산가공,2017,전체,212,192,98,51,118,113,84,74.3,84
임산가공,2017,여자,65,65,35,53.8,43,43,33,76.7,33
임산가공,2018,전체,173,161,111,68.9,122,118,85,72,85
임산가공,2018,여자,56,55,42,76.4,50,46,37,80.4,37
임산가공,2019,전체,134,122,77,63.1,91,88,26,29.5,26
임산가공,2019,여자,48,44,30,68.2,37,37,12,32.4,12
임산가공,2020,전체,117,101,74,73.3,98,96,69,71.9,69
임산가공,2020,여자,42,39,30,76.9,38,38,27,71.1,27
임산가공,2021,전체,142,132,74,56.1,90,90,53,58.9,53
임산가공,2021,여자,59,54,25,46.3,33,33,16,48.5,16
어업분야,전체,전체,21981,18146,6661,36.7,10917,9331,3438,36.8,3346
어업분야,2016(누적),전체,16836,13924,4757,34.2,7415,6449,2414,37.4,2322
어업분야,2017,전체,1031,861,342,39.7,597,494,234,47.4,234
어업분야,2017,여자,432,379,165,43.5,282,236,109,46.2,109
어업분야,2018,전체,1100,906,432,47.7,643,534,197,36.9,197
어업분야,2018,여자,478,396,208,52.5,325,274,111,40.5,111
어업분야,2019,전체,1063,867,393,45.3,805,670,221,33,221
어업분야,2019,여자,450,379,188,49.6,368,313,102,32.6,102
어업분야,2020,전체,926,759,380,50.1,825,652,211,32.4,211
어업분야,2020,여자,421,348,176,50.6,407,324,102,31.5,102
어업분야,2021,전체,1025,829,357,43.1,632,532,161,30.3,161
어업분야,2021,여자,486,418,200,47.8,346,304,87,28.6,87
해양생산관리,전체,전체,711,549,270,49.2,383,335,151,45.1,0
해양생산관리,2016(누적),전체,711,549,270,49.2,383,335,151,45.1,0
수산양식(1류),전체,전체,906,783,344,43.9,454,436,233,53.4,243
수산양식(1류),2016(누적),전체,906,783,344,43.9,454,436,233,53.4,243
수산양식(2류),전체,전체,236,220,147,66.8,179,170,93,54.7,93
수산양식(2류),2016(누적),전체,236,220,147,66.8,179,170,93,54.7,93
수산양식(3류),전체,전체,67,60,30,50,35,34,20,58.8,20
수산양식(3류),2016(누적),전체,67,60,30,50,35,34,20,58.8,20
수산양식(4류),전체,전체,162,146,97,66.4,124,110,62,56.4,62
수산양식(4류),2016(누적),전체,162,146,97,66.4,124,110,62,56.4,62
수산양식,전체,전체,16470,13506,4499,33.3,8062,6726,2180,32.4,2539
수산양식,2016(누적),전체,11685,9581,2769,28.9,4780,4041,1239,30.7,1598
수산양식,2017,전체,908,755,260,34.4,501,404,176,43.6,176
수산양식,2017,여자,381,333,123,36.9,233,189,79,41.8,79
수산양식,2018,전체,1018,838,405,48.3,603,496,195,39.3,195
수산양식,2018,여자,451,374,200,53.5,308,258,109,42.2,109
수산양식,2019,전체,998,813,366,45,765,634,212,33.4,212
수산양식,2019,여자,420,355,174,49,351,296,97,32.8,97
수산양식,2020,전체,880,723,361,49.9,799,632,198,31.3,198
수산양식,2020,여자,409,337,170,50.4,398,316,97,30.7,97
수산양식,2021,전체,981,796,338,42.5,614,519,160,30.8,160
수산양식,2021,여자,468,403,191,47.4,338,298,87,29.2,87
어병,전체,전체,1623,1407,645,45.8,839,798,461,57.8,0
어병,2016(누적),전체,1623,1407,645,45.8,839,798,461,57.8,0
어로,전체,전체,986,814,314,38.6,456,386,118,30.6,0
어로,2016(누적),전체,986,814,314,38.6,456,386,118,30.6,0
어업생산관리,전체,전체,820,661,315,47.7,385,336,120,35.7,389
어업생산관리,2016(누적),전체,460,364,141,38.7,165,139,37,26.6,306
어업생산관리,2017,전체,123,106,82,77.4,96,90,58,64.4,58
어업생산관리,2017,여자,51,46,42,91.3,49,47,30,63.8,30
어업생산관리,2018,전체,82,68,27,39.7,40,38,2,5.3,2
어업생산관리,2018,여자,27,22,8,36.4,17,16,2,12.5,2
어업생산관리,2019,전체,65,54,27,50,40,36,9,25,9
어업생산관리,2019,여자,30,24,14,58.3,17,17,5,29.4,5
어업생산관리,2020,전체,46,36,19,52.8,26,20,13,65,13
어업생산관리,2020,여자,12,11,6,54.5,9,8,5,62.5,5
어업생산관리,2021,전체,44,33,19,57.6,18,13,1,7.7,1
어업생산관리,2021,여자,18,15,9,60,8,6,0,0,0
안전관리분야,전체,전체,2560830,1807586,742221,41.1,1432752,1139707,405012,35.5,393741
안전관리분야,2016(누적),전체,1892173,1324585,517548,39.1,1038453,805699,254805,31.6,243534
안전관리분야,2017,전체,108857,78225,30193,38.6,58138,49428,22784,46.1,22784
안전관리분야,2017,여자,11644,8803,3735,42.4,6931,5975,2616,43.8,2616
안전관리분야,2018,전체,120573,87487,33097,37.8,56419,48014,22717,47.3,22717
안전관리분야,2018,여자,13061,9803,4116,42,7003,6039,2605,43.1,2605
안전관리분야,2019,전체,142602,103283,50277,48.7,78824,67906,29971,44.1,29956
안전관리분야,2019,여자,15591,11667,5743,49.2,9275,8059,3480,43.2,3480
안전관리분야,2020,전체,126352,93732,51666,55.1,96273,79575,35659,44.8,35674
안전관리분야,2020,여자,15903,11949,6785,56.8,11930,9905,4727,47.7,4727
안전관리분야,2021,전체,170273,120274,59440,49.4,104645,89085,39076,43.9,39076
안전관리분야,2021,여자,21879,16054,8591,53.5,13810,11916,5458,45.8,5458
산업안전,전체,전체,673959,477340,176700,37,301513,255059,107093,42,113345
산업안전,2016(누적),전체,449801,316511,98985,31.3,177163,146998,51708,35.2,57960
산업안전,2017,전체,34958,25088,11138,44.4,18378,16019,7886,49.2,7886
산업안전,2017,여자,3644,2756,1313,47.6,2106,1878,872,46.4,872
산업안전,2018,전체,37877,27018,11641,43.1,18285,15755,7600,48.2,7600
산업안전,2018,여자,3901,2901,1369,47.2,2190,1926,891,46.3,891
산업안전,2019,전체,45831,33287,15076,45.3,23710,20704,9765,47.2,9765
산업안전,2019,여자,5031,3810,1849,48.5,2736,2420,1111,45.9,1111
산업안전,2020,전체,45995,33732,19655,58.3,30035,26012,14824,57,14824
산업안전,2020,여자,5886,4423,2779,62.8,4066,3536,1986,56.2,1986
산업안전,2021,전체,59497,41704,20205,48.4,33942,29571,15310,51.8,15310
산업안전,2021,여자,7530,5533,2993,54.1,4778,4254,2212,52,2212
건설안전,전체,전체,410888,277498,110373,39.8,194134,153253,66518,43.4,68251
건설안전,2016(누적),전체,321112,214615,81502,38,149659,114768,45357,39.5,47090
건설안전,2017,전체,13786,9335,4026,43.1,6892,5869,3077,52.4,3077
건설안전,2017,여자,1553,1137,501,44.1,854,748,373,49.9,373
건설안전,2018,전체,15018,10421,3806,36.5,6364,5384,3244,60.3,3244
건설안전,2018,여자,1638,1182,427,36.1,747,641,333,52,333
건설안전,2019,전체,18833,13212,6388,48.3,8647,7584,4607,60.7,4607
건설안전,2019,여자,2104,1527,701,45.9,961,854,470,55,470
건설안전,2020,전체,16945,12389,6607,53.3,10421,8995,4694,52.2,4694
건설안전,2020,여자,2102,1516,791,52.2,1284,1112,543,48.8,543
건설안전,2021,전체,25194,17526,8044,45.9,12151,10653,5539,52,5539
건설안전,2021,여자,3186,2285,1137,49.8,1637,1442,651,45.1,651
화재감식평가,전체,전체,20686,16823,13716,81.5,19896,16699,5731,34.3,5731
화재감식평가,2016(누적),전체,7642,6367,5290,83.1,7148,6125,1125,18.4,1125
화재감식평가,2017,전체,1727,1359,938,69,1726,1445,474,32.8,474
화재감식평가,2017,여자,151,116,63,54.3,95,79,22,27.8,22
화재감식평가,2018,전체,1606,1320,950,72,1684,1388,583,42,583
화재감식평가,2018,여자,161,128,81,63.3,130,111,42,37.8,42
화재감식평가,2019,전체,2467,1944,1542,79.3,1801,1499,1220,81.4,1220
화재감식평가,2019,여자,273,215,161,74.9,179,142,112,78.9,112
화재감식평가,2020,전체,2118,1750,1555,88.9,2493,2131,450,21.1,450
화재감식평가,2020,여자,283,230,201,87.4,311,267,50,18.7,50
화재감식평가,2021,전체,5126,4083,3441,84.3,5044,4111,1879,45.7,1879
화재감식평가,2021,여자,758,603,487,80.8,728,589,212,36,212
농작업안전보건,전체,전체,3352,2806,2426,86.5,3156,2520,584,23.2,584
농작업안전보건,2018,전체,1798,1503,1268,84.4,0,0,0,0,0
농작업안전보건,2018,여자,431,351,291,82.9,0,0,0,0,0
농작업안전보건,2019,전체,854,708,610,86.2,1926,1611,271,16.8,271
농작업안전보건,2019,여자,180,141,125,88.7,414,344,53,15.4,53
농작업안전보건,2020,전체,249,214,180,84.1,716,523,195,37.3,195
농작업안전보건,2020,여자,54,42,35,83.3,157,116,38,32.8,38
농작업안전보건,2021,전체,451,381,368,96.6,514,386,118,30.6,118
농작업안전보건,2021,여자,84,71,70,98.6,96,71,23,32.4,23
방재,전체,전체,3355,2531,1185,46.8,2192,1877,414,22.1,414
방재,2019,전체,1715,1314,596,45.4,531,492,15,3,0
방재,2019,여자,185,134,43,32.1,35,30,0,0,0
방재,2020,전체,713,571,306,53.6,686,566,17,3,32
방재,2020,여자,80,56,20,35.7,47,39,0,0,0
방재,2021,전체,927,646,283,43.8,975,819,382,46.6,382
방재,2021,여자,129,90,32,35.6,81,66,30,45.5,30
가스,전체,전체,112805,76215,20498,26.9,40531,34410,11796,34.3,11844
가스,2016(누적),전체,87878,59537,14244,23.9,28195,24310,8261,34,8309
가스,2017,전체,4021,2740,1092,39.9,2064,1732,942,54.4,942
가스,2017,여자,311,212,84,39.6,143,121,67,55.4,67
가스,2018,전체,4171,2853,1048,36.7,1801,1527,394,25.8,394
가스,2018,여자,336,225,76,33.8,131,117,17,14.5,17
가스,2019,전체,5117,3483,1307,37.5,2808,2375,452,19,452
가스,2019,여자,428,299,113,37.8,200,164,24,14.6,24
가스,2020,전체,5151,3534,1352,38.3,3070,2370,1004,42.4,1004
가스,2020,여자,496,333,130,39,287,207,78,37.7,78
가스,2021,전체,6467,4068,1455,35.8,2593,2096,743,35.4,743
가스,2021,여자,531,339,127,37.5,239,178,60,33.7,60
산업위생관리,전체,전체,80249,58185,25584,44,49003,40925,16401,40.1,16408
산업위생관리,2016(누적),전체,50166,36808,14901,40.5,29694,24988,8493,34,8500
산업위생관리,2017,전체,5427,3910,1916,49,3877,3216,1419,44.1,1419
산업위생관리,2017,여자,2162,1681,859,51.1,1715,1447,619,42.8,619
산업위생관리,2018,전체,5269,3706,1766,47.7,3757,3114,1029,33,1029
산업위생관리,2018,여자,2228,1687,809,48,1767,1500,483,32.2,483
산업위생관리,2019,전체,5685,4084,2088,51.1,3971,3327,1692,50.9,1692
산업위생관리,2019,여자,2483,1850,959,51.8,1883,1615,827,51.2,827
산업위생관리,2020,전체,5682,4203,2088,49.7,3764,2964,1801,60.8,1801
산업위생관리,2020,여자,2645,2031,1068,52.6,1830,1479,928,62.7,928
산업위생관리,2021,전체,8020,5474,2825,51.6,3940,3316,1967,59.3,1967
산업위생관리,2021,여자,3844,2781,1504,54.1,2015,1741,1039,59.7,1039
인간공학,전체,전체,13925,10855,7492,69,10995,8280,3019,36.5,3019
인간공학,2016(누적),전체,7589,5890,3867,65.7,6053,4488,1089,24.3,1089
인간공학,2017,전체,701,534,407,76.2,597,453,126,27.8,126
인간공학,2017,여자,202,151,117,77.5,166,129,33,25.6,33
인간공학,2018,전체,1043,782,523,66.9,696,531,256,48.2,256
인간공학,2018,여자,264,206,142,68.9,178,137,69,50.4,69
인간공학,2019,전체,1388,1109,741,66.8,993,791,243,30.7,243
인간공학,2019,여자,354,288,198,68.8,254,208,70,33.7,70
인간공학,2020,전체,1216,967,666,68.9,1251,904,607,67.1,607
인간공학,2020,여자,341,275,212,77.1,372,270,170,63,170
인간공학,2021,전체,1988,1573,1288,81.9,1405,1113,698,62.7,698
인간공학,2021,여자,666,560,474,84.6,488,405,268,66.2,268
소방설비(기계분야),전체,전체,435601,310146,127507,41.1,318953,243199,55225,22.7,62673
소방설비(기계분야),2016(누적),전체,327291,230476,94284,40.9,244528,180189,36446,20.2,43894
소방설비(기계분야),2017,전체,18630,13524,3891,28.8,10050,8603,2981,34.7,2981
소방설비(기계분야),2017,여자,1540,1183,319,27,800,702,252,35.9,252
소방설비(기계분야),2018,전체,21070,15757,4515,28.7,10196,8812,3349,38,3349
소방설비(기계분야),2018,여자,1661,1287,361,28,844,741,314,42.4,314
소방설비(기계분야),2019,전체,24566,18030,8223,45.6,13905,12024,3620,30.1,3620
소방설비(기계분야),2019,여자,2008,1542,669,43.4,1114,994,286,28.8,286
소방설비(기계분야),2020,전체,19225,14623,7546,51.6,19348,15862,3076,19.4,3076
소방설비(기계분야),2020,여자,1593,1242,646,52,1656,1368,284,20.8,284
소방설비(기계분야),2021,전체,24819,17736,9048,51,20926,17709,5753,32.5,5753
소방설비(기계분야),2021,여자,2027,1509,757,50.2,1843,1563,517,33.1,517
소방설비1급,전체,전체,252889,180069,77397,43,142065,113164,32797,29,0
소방설비1급,2016(누적),전체,252889,180069,77397,43,142065,113164,32797,29,0
소방설비(전기분야),전체,전체,532136,380746,174766,45.9,350314,270321,105434,39,111472
소방설비(전기분야),2016(누적),전체,366820,259940,122501,47.1,253948,190669,69529,36.5,75567
소방설비(전기분야),2017,전체,29607,21735,6785,31.2,14554,12091,5879,48.6,5879
소방설비(전기분야),2017,여자,2081,1567,479,30.6,1052,871,378,43.4,378
소방설비(전기분야),2018,전체,32721,24127,7580,31.4,13636,11503,6262,54.4,6262
소방설비(전기분야),2018,여자,2441,1836,560,30.5,1016,866,456,52.7,456
소방설비(전기분야),2019,전체,36146,26112,13706,52.5,20532,17499,8086,46.2,8086
소방설비(전기분야),2019,여자,2545,1861,925,49.7,1499,1288,527,40.9,527
소방설비(전기분야),2020,전체,29058,21749,11711,53.8,24489,19248,8991,46.7,8991
소방설비(전기분야),2020,여자,2423,1801,903,50.1,1920,1511,650,43,650
소방설비(전기분야),2021,전체,37784,27083,12483,46.1,23155,19311,6687,34.6,6687
소방설비(전기분야),2021,여자,3124,2283,1010,44.2,1905,1607,446,27.8,446
소방설비(화공),전체,전체,1115,719,136,18.9,0,0,0,0,0
소방설비(화공),2016(누적),전체,1115,719,136,18.9,0,0,0,0,0
소방설비(토목),전체,전체,9999,6967,2352,33.8,0,0,0,0,0
소방설비(토목),2016(누적),전체,9999,6967,2352,33.8,0,0,0,0,0
소방설비(건축),전체,전체,9871,6686,2089,31.2,0,0,0,0,0
소방설비(건축),2016(누적),전체,9871,6686,2089,31.2,0,0,0,0,0
비파괴검사분야,전체,전체,119462,82480,30891,37.5,54075,45634,17958,39.4,18113
비파괴검사분야,2016(누적),전체,92935,64101,23379,36.5,41038,34563,13204,38.2,13359
비파괴검사분야,2017,전체,6556,4654,1592,34.2,3312,2843,1292,45.4,1292
비파괴검사분야,2017,여자,159,130,47,36.2,83,73,38,52.1,38
비파괴검사분야,2018,전체,6117,4362,1664,38.1,2890,2448,960,39.2,960
비파괴검사분야,2018,여자,136,106,57,53.8,80,71,33,46.5,33
비파괴검사분야,2019,전체,5517,3765,1497,39.8,2533,2123,1040,49,1040
비파괴검사분야,2019,여자,126,103,50,48.5,88,78,34,43.6,34
비파괴검사분야,2020,전체,3661,2574,1252,48.6,2090,1787,779,43.6,779
비파괴검사분야,2020,여자,116,83,55,66.3,73,65,37,56.9,37
비파괴검사분야,2021,전체,4676,3024,1507,49.8,2212,1870,683,36.5,683
비파괴검사분야,2021,여자,132,98,51,52,71,65,24,36.9,24
방사선비파괴검사,전체,전체,37697,27413,9122,33.3,15555,13489,4787,35.5,3283
방사선비파괴검사,2016(누적),전체,33895,24788,8399,33.9,14242,12342,4280,34.7,2776
방사선비파괴검사,2017,전체,939,662,128,19.3,421,369,178,48.2,178
방사선비파괴검사,2017,여자,32,25,7,28,16,15,8,53.3,8
방사선비파괴검사,2018,전체,793,568,110,19.4,207,181,48,26.5,48
방사선비파괴검사,2018,여자,24,14,4,28.6,3,3,3,100,3
방사선비파괴검사,2019,전체,851,574,132,23,195,168,79,47,79
방사선비파괴검사,2019,여자,24,21,10,47.6,13,12,5,41.7,5
방사선비파괴검사,2020,전체,583,419,190,45.3,255,224,119,53.1,119
방사선비파괴검사,2020,여자,20,17,11,64.7,14,13,10,76.9,10
방사선비파괴검사,2021,전체,636,402,163,40.5,235,205,83,40.5,83
방사선비파괴검사,2021,여자,22,12,5,41.7,9,9,3,33.3,3
초음파비파괴검사,전체,전체,20457,13942,4858,34.8,10809,8532,1654,19.4,2174
초음파비파괴검사,2016(누적),전체,15464,10581,3610,34.1,8176,6411,1322,20.6,1842
초음파비파괴검사,2017,전체,1273,906,237,26.2,611,506,105,20.8,105
초음파비파괴검사,2017,여자,22,19,7,36.8,10,9,0,0,0
초음파비파괴검사,2018,전체,1098,743,205,27.6,514,413,61,14.8,61
초음파비파괴검사,2018,여자,18,15,4,26.7,13,11,3,27.3,3
초음파비파괴검사,2019,전체,971,619,230,37.2,463,368,40,10.9,40
초음파비파괴검사,2019,여자,18,13,4,30.8,11,9,1,11.1,1
초음파비파괴검사,2020,전체,786,548,291,53.1,561,448,75,16.7,75
초음파비파괴검사,2020,여자,17,11,6,54.5,7,6,0,0,0
초음파비파괴검사,2021,전체,865,545,285,52.3,484,386,51,13.2,51
초음파비파괴검사,2021,여자,17,12,7,58.3,10,8,1,12.5,1
자기비파괴검사,전체,전체,20689,13885,5690,41,9977,8411,3478,41.4,3990
자기비파괴검사,2016(누적),전체,15832,10515,4056,38.6,7020,5893,2495,42.3,3007
자기비파괴검사,2017,전체,1227,890,373,41.9,750,655,221,33.7,221
자기비파괴검사,2017,여자,23,18,13,72.2,20,17,9,52.9,9
자기비파괴검사,2018,전체,1114,773,438,56.7,777,656,229,34.9,229
자기비파괴검사,2018,여자,30,26,20,76.9,29,27,10,37,10
자기비파괴검사,2019,전체,967,647,331,51.2,619,510,242,47.5,242
자기비파괴검사,2019,여자,18,14,6,42.9,17,15,6,40,6
자기비파괴검사,2020,전체,637,446,197,44.2,426,370,171,46.2,171
자기비파괴검사,2020,여자,14,12,7,58.3,14,14,7,50,7
자기비파괴검사,2021,전체,912,614,295,48,385,327,120,36.7,120
자기비파괴검사,2021,여자,21,18,11,61.1,12,11,3,27.3,3
침투비파괴검사,전체,전체,28973,19706,8051,40.9,13145,11294,6059,53.6,6543
침투비파괴검사,2016(누적),전체,19530,13062,5172,39.6,8458,7248,3831,52.9,4315
침투비파괴검사,2017,전체,2346,1683,664,39.5,1173,1017,643,63.2,643
침투비파괴검사,2017,여자,60,50,17,34,31,28,17,60.7,17
침투비파괴검사,2018,전체,2322,1710,660,38.6,1039,901,452,50.2,452
침투비파괴검사,2018,여자,44,35,21,60,29,24,14,58.3,14
침투비파괴검사,2019,전체,2015,1436,598,41.6,973,834,514,61.6,514
침투비파괴검사,2019,여자,56,48,27,56.3,40,37,20,54.1,20
침투비파괴검사,2020,전체,1193,822,423,51.5,656,574,312,54.4,312
침투비파괴검사,2020,여자,58,40,30,75,36,31,19,61.3,19
침투비파괴검사,2021,전체,1567,993,534,53.8,846,720,307,42.6,307
침투비파괴검사,2021,여자,55,45,23,51.1,34,32,15,46.9,15
와전류비파괴검사,전체,전체,4024,2799,1466,52.4,2047,1774,882,49.7,978
와전류비파괴검사,2016(누적),전체,2761,1839,948,51.5,1394,1194,538,45.1,634
와전류비파괴검사,2017,전체,279,194,87,44.8,118,104,62,59.6,62
와전류비파괴검사,2017,여자,9,8,2,25,3,3,3,100,3
와전류비파괴검사,2018,전체,294,215,132,61.4,164,147,89,60.5,89
와전류비파괴검사,2018,여자,8,6,3,50,3,3,2,66.7,2
와전류비파괴검사,2019,전체,278,226,95,42,129,111,81,73,81
와전류비파괴검사,2019,여자,8,6,3,50,4,3,1,33.3,1
와전류비파괴검사,2020,전체,165,138,103,74.6,111,102,50,49,50
와전류비파괴검사,2020,여자,3,2,1,50,1,1,1,100,1
와전류비파괴검사,2021,전체,247,187,101,54,131,116,62,53.4,62
와전류비파괴검사,2021,여자,6,6,3,50,3,2,0,0,0
비파괴검사1급(전자기침투),전체,전체,0,0,0,0,0,0,0,0,4
비파괴검사1급(전자기침투),2016(누적),전체,0,0,0,0,0,0,0,0,4
누설비파괴검사,전체,전체,7622,4735,1704,36,2542,2134,1098,51.5,1141
누설비파괴검사,2016(누적),전체,5453,3316,1194,36,1748,1475,738,50,781
누설비파괴검사,2017,전체,492,319,103,32.3,239,192,83,43.2,83
누설비파괴검사,2017,여자,13,10,1,10,3,1,1,100,1
누설비파괴검사,2018,전체,496,353,119,33.7,189,150,81,54,81
누설비파괴검사,2018,여자,12,10,5,50,3,3,1,33.3,1
누설비파괴검사,2019,전체,435,263,111,42.2,154,132,84,63.6,84
누설비파괴검사,2019,여자,2,1,0,0,3,2,1,50,1
누설비파괴검사,2020,전체,297,201,48,23.9,81,69,52,75.4,52
누설비파괴검사,2020,여자,4,1,0,0,1,0,0,0,0
누설비파괴검사,2021,전체,449,283,129,45.6,131,116,60,51.7,60
누설비파괴검사,2021,여자,11,5,2,40,3,3,2,66.7,2
환경분야,전체,전체,786541,570763,184127,32.3,316932,274209,116795,42.6,123158
환경분야,2016(누적),전체,630083,456857,138289,30.3,245642,211117,82287,39,88650
환경분야,2017,전체,28123,20928,7734,37,11380,10271,6384,62.2,6384
환경분야,2017,여자,10434,8194,3067,37.4,4453,4063,2599,64,2599
환경분야,2018,전체,27184,20112,7367,36.6,10943,9812,6190,63.1,6190
환경분야,2018,여자,10243,7962,3000,37.7,4312,3911,2538,64.9,2538
환경분야,2019,전체,29708,21732,8356,38.5,11841,10726,5883,54.8,5826
환경분야,2019,여자,10994,8464,3385,40,4619,4187,2378,56.8,2358
환경분야,2020,전체,30007,22057,9440,42.8,15361,13174,7678,58.3,7735
환경분야,2020,여자,12171,9263,4187,45.2,6635,5729,3355,58.6,3375
환경분야,2021,전체,41436,29077,12941,44.5,21765,19109,8373,43.8,8373
환경분야,2021,여자,16459,12152,5657,46.6,9402,8326,3737,44.9,3737
온실가스관리,전체,전체,6978,5108,2876,56.3,5255,4339,1505,34.7,1810
온실가스관리,2016(누적),전체,3361,2444,1119,45.8,2011,1692,589,34.8,894
온실가스관리,2017,전체,1084,809,491,60.7,843,703,256,36.4,256
온실가스관리,2017,여자,349,267,164,61.4,296,244,88,36.1,88
온실가스관리,2018,전체,703,528,364,68.9,792,639,99,15.5,99
온실가스관리,2018,여자,215,164,125,76.2,261,202,29,14.4,29
온실가스관리,2019,전체,556,408,307,75.2,667,543,79,14.5,79
온실가스관리,2019,여자,182,138,105,76.1,229,175,22,12.6,22
온실가스관리,2020,전체,366,264,177,67,450,362,246,68,246
온실가스관리,2020,여자,140,101,71,70.3,178,145,93,64.1,93
온실가스관리,2021,전체,908,655,418,63.8,492,400,236,59,236
온실가스관리,2021,여자,339,235,157,66.8,171,141,89,63.1,89
온실가스관리기사,전체,전체,2160,1724,555,32.2,499,461,305,66.2,0
온실가스관리기사,2016(누적),전체,2160,1724,555,32.2,499,461,305,66.2,0
환경위해관리,전체,전체,1845,1425,747,52.4,1017,864,143,16.6,143
환경위해관리,2019,전체,728,540,296,54.8,248,215,57,26.5,0
환경위해관리,2019,여자,294,227,130,57.3,109,92,20,21.7,0
환경위해관리,2020,전체,544,459,269,58.6,375,327,31,9.5,88
환경위해관리,2020,여자,236,200,125,62.5,185,157,16,10.2,36
환경위해관리,2021,전체,573,426,182,42.7,394,322,55,17.1,55
환경위해관리,2021,여자,242,182,89,48.9,183,152,36,23.7,36
환경관리1급(소음진동),전체,전체,15362,12281,2136,17.4,0,0,0,0,0
환경관리1급(소음진동),2016(누적),전체,15362,12281,2136,17.4,0,0,0,0,0
농림토양평가관리,전체,전체,1803,1353,616,45.5,809,745,419,56.2,0
농림토양평가관리,2016(누적),전체,1803,1353,616,45.5,809,745,419,56.2,0
대기환경,전체,전체,223286,161772,57336,35.4,96151,83840,36429,43.5,38270
대기환경,2016(누적),전체,165956,120597,41019,34,72481,62126,23870,38.4,25711
대기환경,2017,전체,8810,6562,2447,37.3,2940,2806,2171,77.4,2171
대기환경,2017,여자,3226,2543,938,36.9,1101,1061,858,80.9,858
대기환경,2018,전체,9104,6730,2405,35.7,3211,3066,2316,75.5,2316
대기환경,2018,여자,3398,2643,953,36.1,1201,1155,896,77.6,896
대기환경,2019,전체,11090,7963,2651,33.3,3243,3113,2220,71.3,2220
대기환경,2019,여자,4099,3114,1052,33.8,1252,1205,884,73.4,884
대기환경,2020,전체,11478,8287,3632,43.8,5490,4889,2900,59.3,2900
대기환경,2020,여자,4538,3413,1569,46,2337,2073,1226,59.1,1226
대기환경,2021,전체,16848,11633,5182,44.5,8786,7840,2952,37.7,2952
대기환경,2021,여자,6348,4636,2132,46,3676,3312,1251,37.8,1251
수질환경,전체,전체,337403,250175,71728,28.7,124579,111861,50119,44.8,53625
수질환경,2016(누적),전체,277708,205901,56644,27.5,101031,90293,37414,41.4,40920
수질환경,2017,전체,10991,8348,2523,30.2,3488,3331,2440,73.3,2440
수질환경,2017,여자,4411,3524,1081,30.7,1453,1397,1073,76.8,1073
수질환경,2018,전체,11132,8434,2631,31.2,3265,3117,2444,78.4,2444
수질환경,2018,여자,4462,3544,1127,31.8,1354,1293,1051,81.3,1051
수질환경,2019,전체,10907,8284,2689,32.5,3610,3460,1945,56.2,1945
수질환경,2019,여자,4267,3373,1160,34.4,1483,1431,863,60.3,863
수질환경,2020,전체,11998,8953,3459,38.6,5586,4884,2895,59.3,2895
수질환경,2020,여자,5197,3985,1580,39.6,2438,2144,1298,60.5,1298
수질환경,2021,전체,14667,10255,3782,36.9,7599,6776,2981,44,2981
수질환경,2021,여자,6170,4559,1732,38,3379,3027,1345,44.4,1345
소음진동,전체,전체,27353,17451,6452,37,12107,10125,4125,40.7,4255
소음진동,2016(누적),전체,24396,15547,5625,36.2,10791,8960,3556,39.7,3686
소음진동,2017,전체,699,453,188,41.5,333,280,121,43.2,121
소음진동,2017,여자,128,84,35,41.7,68,58,23,39.7,23
소음진동,2018,전체,489,309,127,41.1,223,196,110,56.1,110
소음진동,2018,여자,88,50,16,32,43,38,14,36.8,14
소음진동,2019,전체,600,385,168,43.6,250,234,135,57.7,135
소음진동,2019,여자,128,88,43,48.9,65,60,31,51.7,31
소음진동,2020,전체,512,331,143,43.2,217,194,85,43.8,85
소음진동,2020,여자,104,53,22,41.5,40,39,16,41,16
소음진동,2021,전체,657,426,201,47.2,293,261,118,45.2,118
소음진동,2021,여자,159,114,53,46.5,70,65,33,50.8,33
"대기환경,수질환경,소음진동",전체,전체,1935,1515,189,12.5,0,0,0,0,868
"대기환경,수질환경,소음진동",2016(누적),전체,1935,1515,189,12.5,0,0,0,0,868
생물분류,전체,전체,667,550,170,30.9,175,164,58,35.4,7
생물분류,2016(누적),전체,667,550,170,30.9,175,164,58,35.4,7
자연생태복원,전체,전체,28591,21911,9273,42.3,14602,10589,4908,46.3,4908
자연생태복원,2016(누적),전체,21505,16298,5639,34.6,9112,6587,2982,45.3,2982
자연생태복원,2017,전체,1508,1199,691,57.6,961,695,332,47.8,332
자연생태복원,2017,여자,676,538,316,58.7,458,361,176,48.8,176
자연생태복원,2018,전체,1411,1095,603,55.1,941,664,379,57.1,379
자연생태복원,2018,여자,637,487,281,57.7,420,326,194,59.5,194
자연생태복원,2019,전체,1314,1036,803,77.5,1206,919,314,34.2,314
자연생태복원,2019,여자,615,478,376,78.7,531,418,156,37.3,156
자연생태복원,2020,전체,1342,1080,699,64.7,1193,833,428,51.4,428
자연생태복원,2020,여자,690,551,367,66.6,624,463,241,52.1,241
자연생태복원,2021,전체,1511,1203,838,69.7,1189,891,473,53.1,473
자연생태복원,2021,여자,790,629,452,71.9,641,497,281,56.5,281
토양환경,전체,전체,32964,23127,8369,36.2,15047,12286,5788,47.1,6207
토양환경,2016(누적),전체,25279,17688,5986,33.8,10336,8371,4121,49.2,4540
토양환경,2017,전체,1672,1198,470,39.2,1036,896,246,27.5,246
토양환경,2017,여자,596,455,194,42.6,444,385,99,25.7,99
토양환경,2018,전체,1503,1062,438,41.2,1045,859,250,29.1,250
토양환경,2018,여자,558,420,185,44,467,401,118,29.4,118
토양환경,2019,전체,1538,1093,484,44.3,971,799,405,50.7,405
토양환경,2019,여자,554,437,206,47.1,409,342,166,48.5,166
토양환경,2020,전체,1247,891,379,42.5,749,597,392,65.7,392
토양환경,2020,여자,520,392,194,49.5,374,308,200,64.9,200
토양환경,2021,전체,1725,1195,612,51.2,910,764,374,49,374
토양환경,2021,여자,745,554,293,52.9,422,356,190,53.4,190
폐기물처리,전체,전체,101176,68193,22125,32.4,44308,36762,11774,32,11792
폐기물처리,2016(누적),전체,86728,58254,17913,30.7,37220,30628,8491,27.7,8509
폐기물처리,2017,전체,3034,2107,795,37.7,1590,1385,757,54.7,757
폐기물처리,2017,여자,934,692,292,42.2,566,493,261,52.9,261
폐기물처리,2018,전체,2631,1792,698,39,1332,1139,503,44.2,503
폐기물처리,2018,여자,814,597,278,46.6,518,449,204,45.4,204
폐기물처리,2019,전체,2660,1771,791,44.7,1418,1244,580,46.6,580
폐기물처리,2019,여자,732,509,239,47,447,380,175,46.1,175
폐기물처리,2020,전체,2194,1510,483,32,1045,861,534,62,534
폐기물처리,2020,여자,611,449,169,37.6,351,302,192,63.6,192
폐기물처리,2021,전체,3929,2759,1445,52.4,1703,1505,909,60.4,909
폐기물처리,2021,여자,1389,1009,621,61.5,676,614,380,61.9,380
생물분류(식물),전체,전체,2945,2447,865,35.3,1330,1204,640,53.2,663
생물분류(식물),2016(누적),전체,2130,1790,468,26.1,736,687,352,51.2,375
생물분류(식물),2017,전체,172,133,67,50.4,93,86,27,31.4,27
생물분류(식물),2017,여자,64,50,26,52,39,38,13,34.2,13
생물분류(식물),2018,전체,94,76,44,57.9,64,63,38,60.3,38
생물분류(식물),2018,여자,43,37,20,54.1,24,24,18,75,18
생물분류(식물),2019,전체,139,109,73,67,105,89,51,57.3,51
생물분류(식물),2019,여자,65,51,38,74.5,46,39,23,59,23
생물분류(식물),2020,전체,153,126,95,75.4,132,113,63,55.8,63
생물분류(식물),2020,여자,65,56,46,82.1,58,54,34,63,34
생물분류(식물),2021,전체,257,213,118,55.4,200,166,109,65.7,109
생물분류(식물),2021,여자,124,103,52,50.5,87,73,54,74,54
생물분류(동물),전체,전체,2073,1731,690,39.9,1053,969,582,60.1,610
생물분류(동물),2016(누적),전체,1093,915,210,23,441,403,130,32.3,158
생물분류(동물),2017,전체,153,119,62,52.1,96,89,34,38.2,34
생물분류(동물),2017,여자,50,41,21,51.2,28,26,8,30.8,8
생물분류(동물),2018,전체,117,86,57,66.3,70,69,51,73.9,51
생물분류(동물),2018,여자,28,20,15,75,24,23,14,60.9,14
생물분류(동물),2019,전체,176,143,94,65.7,123,110,97,88.2,97
생물분류(동물),2019,여자,58,49,36,73.5,48,45,38,84.4,38
생물분류(동물),2020,전체,173,156,104,66.7,124,114,104,91.2,104
생물분류(동물),2020,여자,70,63,44,69.8,50,44,39,88.6,39
생물분류(동물),2021,전체,361,312,163,52.2,199,184,166,90.2,166
생물분류(동물),2021,여자,153,131,76,58,97,89,78,87.6,78
에너지.기상분야,전체,전체,167797,120634,46276,38.4,77037,66103,23385,35.4,30149
에너지.기상분야,2016(누적),전체,112651,80318,27378,34.1,42122,36747,11823,32.2,18587
에너지.기상분야,2017,전체,9299,6910,3588,51.9,6287,5349,2556,47.8,2556
에너지.기상분야,2017,여자,716,548,275,50.2,427,370,208,56.2,208
에너지.기상분야,2018,전체,11069,8378,4109,49,6878,5817,2750,47.3,2750
에너지.기상분야,2018,여자,834,655,281,42.9,445,380,162,42.6,162
에너지.기상분야,2019,전체,11848,8603,4353,50.6,7478,6367,2811,44.1,2811
에너지.기상분야,2019,여자,965,718,356,49.6,570,486,204,42,204
에너지.기상분야,2020,전체,8919,6507,2903,44.6,7242,5892,1683,28.6,1683
에너지.기상분야,2020,여자,819,616,320,51.9,659,548,187,34.1,187
에너지.기상분야,2021,전체,14011,9918,3945,39.8,7030,5931,1762,29.7,1762
에너지.기상분야,2021,여자,1225,897,376,41.9,594,509,208,40.9,208
신재생에너지발전설비(태양광),전체,전체,39603,30930,14575,47.1,28606,23616,6519,27.6,6519
신재생에너지발전설비(태양광),2016(누적),전체,15044,12057,4712,39.1,8317,7119,818,11.5,818
신재생에너지발전설비(태양광),2017,전체,4512,3522,2231,63.3,4117,3397,1309,38.5,1309
신재생에너지발전설비(태양광),2017,여자,217,154,63,40.9,117,95,39,41.1,39
신재생에너지발전설비(태양광),2018,전체,6036,4803,2483,51.7,4352,3582,1943,54.2,1943
신재생에너지발전설비(태양광),2018,여자,384,306,99,32.4,156,134,74,55.2,74
신재생에너지발전설비(태양광),2019,전체,5883,4430,2495,56.3,4408,3641,1361,37.4,1361
신재생에너지발전설비(태양광),2019,여자,484,366,180,49.2,262,222,88,39.6,88
신재생에너지발전설비(태양광),2020,전체,3434,2641,1311,49.6,4164,3263,261,8,261
신재생에너지발전설비(태양광),2020,여자,322,235,109,46.4,334,268,31,11.6,31
신재생에너지발전설비(태양광),2021,전체,4694,3477,1343,38.6,3248,2614,827,31.6,827
신재생에너지발전설비(태양광),2021,여자,478,346,97,28,229,191,64,33.5,64
원자력,전체,전체,5517,4180,1341,32.1,1384,1293,835,64.6,1116
원자력,2016(누적),전체,4166,3167,971,30.7,971,898,537,59.8,818
원자력,2017,전체,272,200,50,25,78,74,63,85.1,63
원자력,2017,여자,51,40,8,20,10,10,9,90,9
원자력,2018,전체,277,208,134,64.4,114,114,85,74.6,85
원자력,2018,여자,67,51,28,54.9,25,25,20,80,20
원자력,2019,전체,243,163,55,33.7,67,62,55,88.7,55
원자력,2019,여자,58,36,8,22.2,13,11,10,90.9,10
원자력,2021,전체,559,442,131,29.6,154,145,95,65.5,95
원자력,2021,여자,148,115,30,26.1,32,29,23,79.3,23
에너지관리,전체,전체,46606,31609,11222,35.5,20206,17639,7278,41.3,18292
에너지관리,2016(누적),전체,20322,13556,4062,30,8195,7096,2722,38.4,13736
에너지관리,2017,전체,3875,2666,956,35.9,1609,1450,886,61.1,886
에너지관리,2017,여자,159,122,49,40.2,80,71,28,39.4,28
에너지관리,2018,전체,4225,2947,1229,41.7,2008,1776,617,34.7,617
에너지관리,2018,여자,169,125,44,35.2,84,67,19,28.4,19
에너지관리,2019,전체,5136,3534,1527,43.2,2525,2260,1221,54,1221
에너지관리,2019,여자,197,131,57,43.5,95,84,31,36.9,31
에너지관리,2020,전체,4924,3409,1299,38.1,2641,2242,1210,54,1210
에너지관리,2020,여자,227,158,59,37.3,112,90,52,57.8,52
에너지관리,2021,전체,8124,5497,2149,39.1,3228,2815,622,22.1,622
에너지관리,2021,여자,307,200,93,46.5,141,119,22,18.5,22
열관리,전체,전체,62274,42472,12897,30.4,17104,15043,4539,30.2,0
열관리,2016(누적),전체,62274,42472,12897,30.4,17104,15043,4539,30.2,0
기상,전체,전체,12859,10735,5928,55.2,9357,8181,4105,50.2,4113
기상,2016(누적),전체,10263,8610,4592,53.3,7347,6431,3171,49.3,3179
기상,2017,전체,594,488,327,67,460,408,293,71.8,293
기상,2017,여자,269,217,145,66.8,209,185,130,70.3,130
기상,2018,전체,465,376,238,63.3,368,315,99,31.4,99
기상,2018,여자,193,159,100,62.9,164,141,46,32.6,46
기상,2019,전체,502,414,234,56.5,425,354,142,40.1,142
기상,2019,여자,203,169,99,58.6,183,154,66,42.9,66
기상,2020,전체,479,404,257,63.6,399,352,202,57.4,202
기상,2020,여자,226,193,129,66.8,189,167,97,58.1,97
기상,2021,전체,556,443,280,63.2,358,321,198,61.7,198
기상,2021,여자,263,213,143,67.1,178,157,94,59.9,94
기상감정,전체,전체,938,708,313,44.2,380,331,109,32.9,109
기상감정,2016(누적),전체,582,456,144,31.6,188,160,36,22.5,36
기상감정,2017,전체,46,34,24,70.6,23,20,5,25,5
기상감정,2017,여자,20,15,10,66.7,11,9,2,22.2,2
기상감정,2018,전체,66,44,25,56.8,36,30,6,20,6
기상감정,2018,여자,21,14,10,71.4,16,13,3,23.1,3
기상감정,2019,전체,84,62,42,67.7,53,50,32,64,32
기상감정,2019,여자,23,16,12,75,17,15,9,60,9
기상감정,2020,전체,82,53,36,67.9,38,35,10,28.6,10
기상감정,2020,여자,44,30,23,76.7,24,23,7,30.4,7
기상감정,2021,전체,78,59,42,71.2,42,36,20,55.6,20
기상감정,2021,여자,29,23,13,56.5,14,13,5,38.5,5
